"row_id","context","utterance","maxim","violation_type","confidence_1_to_5","notes","subreddit","source","pairing","seen_in_training","scrape_file"
"0ed66f8f35cc","AITA because I didn’t wake my friend up when she had an important meeting?","NTA she is an adult and should be able to wake up on her own. did she not set her own alarms? i let a friend live with me for free for a while and i had to wake her up every single day for work. one day i forgot bc i was running late myself. she was incredibly angry and moved out soon after.","","","","","AmItheAsshole","natural","title_to_toplevel","yes","reddit_aita_2.csv"
"238e07d267bf","AITA because I didn’t wake my friend up when she had an important meeting?","NTA. I also had a friend like this, and it's exhausting. If the appointment was important to her, she would have set an alarm. You woke her six times. If she missed her appointment, now she can continue to carry on her narrative that everything is everyone else's fault. If the appointment was at 8 a.m., asking for a little backup might be reasonable, but if you miss a 1 p.m. appointment, that's just self-sabotage.","","","","","AmItheAsshole","natural","title_to_toplevel","yes","reddit_aita_2.csv"
"283002d58251","AITA because I didn’t wake my friend up when she had an important meeting?","I vote....Not the mom! Maybe she should take a break from smoking and work of her lack of motivation.","","","","","AmItheAsshole","natural","title_to_toplevel","yes","reddit_aita_2.csv"
"a9177f6a1594","AITA because I didn’t wake my friend up when she had an important meeting?","She can't wake herself up and get ready for a very important meeting at **1pm**? Are you joking? She needs to get a grip","","","","","AmItheAsshole","natural","title_to_toplevel","yes","reddit_aita_2.csv"
"c7d97f20716e","AITA because I didn’t wake my friend up when she had an important meeting?","OK I think we can see why she does not have a job. You are at risk of becoming an enabler here. Take a step back, read what you have said as if you were a stranger and think about what advice you give. Remember you are not an alarm clock, she has a phone","","","","","AmItheAsshole","natural","title_to_toplevel","yes","reddit_aita_2.csv"
"237555d3e150","AITA for getting upset that a woman pulled my arm?","NTA. She didn't give any warning or even acknowledge you after grabbing your arm. What if you have a disability as well, that affects your balance, coordination or motor control? Or maybe something trauma-related? Being disabled doesn't mean being entitled.","","","","","AmItheAsshole","natural","title_to_toplevel","yes","reddit_aita_2.csv"
"29b3de4b61d5","AITA for getting upset that a woman pulled my arm?","Nta. Shes disabled AND an Ahole.","","","","","AmItheAsshole","natural","title_to_toplevel","yes","reddit_aita_2.csv"
"8d6d049073bd","AITA for getting upset that a woman pulled my arm?","NTA, as someone young who has mobility issues, she should’ve asked OR if it was emergent and she was gunna fall she should have said something or acknowledged you afterwards","","","","","AmItheAsshole","natural","title_to_toplevel","yes","reddit_aita_2.csv"
"1b206fcd58e6","AITA for not asking permission to report this incident?","Absolutely NTA, but it feels like that complaint against your BIL may have been legitimate... I'm so sorry that happened to you.","","","","","AmItheAsshole","natural","title_to_toplevel","yes","reddit_aita_2.csv"
"81f06719cfdf","AITA for not asking permission to report this incident?","You should not have named him as a witness without asking him. He also was not a witness since he wasn't in the room. So, for that part, YTA. You are NTA for reporting behavior that made you uncomfortable.","","","","","AmItheAsshole","natural","title_to_toplevel","no","reddit_aita_2.csv"
"90aee1410534","AITA for not asking permission to report this incident?","NTA for reporting, and you didn't need permission for that, but you should have gotten his consent before naming him. So very slightly YTA for that. However, his reaction was over the top and very, very gross. Unfortunately, he sounds like an SA apologist and your sister sounds like an enabler. And hella passive aggressive, too.","","","","","AmItheAsshole","natural","title_to_toplevel","yes","reddit_aita_2.csv"
"b20b7c6d64ac","AITA for not asking permission to report this incident?","NTA is it one of ‘those’ places? Not to put stories in your head but is it possible that your BIL brought you there knowing that it was? Like maybe he thinks you’d feel/be better if you ‘let off a little steam’ as they say I have a hard time believing that a trained previously licensed massage therapist would pay for you to have a massage somewhere else when he could do that for you himself if the sole intent is just a massage","","","","","AmItheAsshole","natural","title_to_toplevel","yes","reddit_aita_2.csv"
"c6dc2150073c","AITA for not asking permission to report this incident?","YTA to your family for abusing therapy speak. Your complaints about the LMT is justified, file a complaint if you want but don’t expect anyone else to participate.","","","","","AmItheAsshole","natural","title_to_toplevel","yes","reddit_aita_2.csv"
"49628f6df978","AITA for not crossing to the other side of the street with my dog?","NTA. There’s no social convention that I’m aware of that you’re supposed to cross the street when you see another person with a dog. Also how would that work if there were three dogs on the same block, hardly an unheard of situation. She’s just making things up.","","","","","AmItheAsshole","natural","title_to_toplevel","yes","reddit_aita_2.csv"
"733da5fba165","AITA for not crossing to the other side of the street with my dog?","If her dog can’t behave around other dogs then she should be the one to cross the street. NTA","","","","","AmItheAsshole","natural","title_to_toplevel","yes","reddit_aita_2.csv"
"c1a9b4fb2d60","AITA for not crossing to the other side of the street with my dog?","NTA - you said it was her dog that started growling. She should have moved if her dog gets ""annoyed"" when other dogs get near.","","","","","AmItheAsshole","natural","title_to_toplevel","yes","reddit_aita_2.csv"
"d0d8876419a1","AITA for not crossing to the other side of the street with my dog?","NTA. imo the rule is, the person with the aggressive dog should be the one to move out of the way","","","","","AmItheAsshole","natural","title_to_toplevel","yes","reddit_aita_2.csv"
"36e8982ad8ba","AITA for not returning what my neighbors dropped in my house?","ESH. If you were expecting them to do better, you should have said that to them the first time (or any time) this happened. Instead you told them it was no problem at all. They should be more respectful of your space, but you should be more respectful of your own boundaries too and tell them that you won’t tolerate their trash on your balcony.","","","","","AmItheAsshole","natural","title_to_toplevel","yes","reddit_aita_2.csv"
"496c1efdb306","AITA for not returning what my neighbors dropped in my house?","I would start throwing it over the ledge, or putting some of the items onto communal property. NTA","","","","","AmItheAsshole","natural","title_to_toplevel","yes","reddit_aita_2.csv"
"4bd63b345e61","AITA for not returning what my neighbors dropped in my house?","EVERYTHING i aquire due to THEIR negligence, goes into the garbage. Screw those people.","","","","","AmItheAsshole","natural","title_to_toplevel","no","reddit_aita_2.csv"
"4d7a21464f55","AITA for not returning what my neighbors dropped in my house?","Chuck it off your balcony and suddenly it won’t be your problem anymore.","","","","","AmItheAsshole","natural","title_to_toplevel","no","reddit_aita_2.csv"
"dae9aa14ec7b","AITA for not returning what my neighbors dropped in my house?","NTA. I'm not completely convinced that it's all accidental, who puts empty cleaning bottles, clothes, and trash close enough to the window for them to be blown or knocked out? Now, the first couple times, it could genuinely have been an accident, but for it to be happening for TWO YEARS? And they haven't changed anything nor come to pick their belongings up themselves? Absolutely not.","","","","","AmItheAsshole","natural","title_to_toplevel","no","reddit_aita_2.csv"
"edd949224b57","AITA for not returning what my neighbors dropped in my house?","Wait trash bags they are throwing their trash on your balcony NTA","","","","","AmItheAsshole","natural","title_to_toplevel","yes","reddit_aita_2.csv"
"210003d222aa","AITA for refusing to leave my room early for the new roommate?","We all have to look out for each other"" yet you weren't consulted about ANY of these changes. You were expected to be willfully inconvenienced while they went on their merry way. You did the right thing. She can continue sleeping on the couch","","","","","AmItheAsshole","natural","title_to_toplevel","yes","reddit_aita.csv"
"3375a7e9abca","AITA for refusing to leave my room early for the new roommate?","NTA. You inconvenienced the new girl? How about them inconveniencing you by wanting you to move out earlier? I'm assuming you already paid your rent for where you were. I didn't hear anyone wanting to reimburse you for that. And I figure theres a good reason why you chose to move out and live somewhere else. Don't sweat it, keep your room until moving day.","","","","","AmItheAsshole","natural","title_to_toplevel","yes","reddit_aita.csv"
"5bafa658db1a","AITA for refusing to leave my room early for the new roommate?","[You have GOT to be kidding me - you posted this TWO YEARS ago and are still harping on it?](https://www.reddit.com/r/AmItheAsshole/comments/1959agr/aita_for_not_moving_out_of_my_room_early_for_the/)","","","","","AmItheAsshole","natural","title_to_toplevel","yes","reddit_aita.csv"
"70e1d693f21a","AITA for refusing to leave my room early for the new roommate?","It's April....? Did this happen last year, and if so why are you still dwelling on it?","","","","","AmItheAsshole","natural","title_to_toplevel","yes","reddit_aita.csv"
"75f03bd871bd","AITA for refusing to leave my room early for the new roommate?","Absolutely NTA You already made a big accommodation by changing your move out date to the new date they requested. The *audacity* to suddenly ask you to move out two weeks earlier and sleep on the couch! Why is Erica so invested in this? Something tells me she’s making a cut somewhere.","","","","","AmItheAsshole","natural","title_to_toplevel","no","reddit_aita.csv"
"c35afdcd8f5b","AITA for refusing to leave my room early for the new roommate?","NTA, you had already agreed to move out earlier than you wanted, and then they demanded even more from you. You pay rent, you have a right to be there until you move out. They knew your timeline and it's on them for not planning for it.","","","","","AmItheAsshole","natural","title_to_toplevel","yes","reddit_aita.csv"
"a1d4a1f3d749","AITA for telling my boyfriend he was rude for not fixing my tire?","Hes not obligated to fix your tire even though it would have been nice. By the same token you're not obligated to remain his girlfriend if you would rather date someone who has your back. If I was your boyfriend I would have shown up with my friends and helped you out, because my friends are amazing and I choose to remain friends with people who share my values. values. Edit: NTA","","","","","AmItheAsshole","natural","title_to_toplevel","yes","reddit_aita_2.csv"
"31501b274d50","AITA for threatening to take a pet back to the breeder?","YTA - using the pet for punishment is cruel. And, why do you think you can just bring the hedgehog back to the breeder anyways? The breeder Isn't Walmart. Def not cool.","","","","","AmItheAsshole","natural","title_to_toplevel","yes","reddit_aita_2.csv"
"a8b3b726ab15","AITA for threatening to take a pet back to the breeder?","Taking his beloved pet away will only make this worse. He probably needs therapy. There is something going on that’s upsetting him. Children don’t just misbehave to be bad. Don’t break his heart on top of whatever it is. Some people think children should just conform and behave. It unfortunately just doesn’t work this way. He needs some support. His hedgehog is his only support right now.","","","","","AmItheAsshole","natural","title_to_toplevel","yes","reddit_aita_2.csv"
"b59b2d3aff84","AITA for threatening to take a pet back to the breeder?","TIL there are hedgehog breeders ... YTA. He saved for years and you made him pay for his own bday gift. I'd run away from you too.","","","","","AmItheAsshole","natural","title_to_toplevel","yes","reddit_aita_2.csv"
"5c883625064b","AITAH for refusing to follow my boyfriend’s “wife behavior” expectations?","There's a quote going around, can't remember from who. But the gist of it, is he doesn't want someone who's already submissive. He wants someone independent &amp; free (like you) to BREAK YOU DOWN so that he can feel good about himself. Just some food for thought. Also, from too much experience. Do not ever give up dreams and jobs that you have worked hard for, for a guy. The right guy will never ask you to let go of parts of yourself like that. It's never worth it.","","","","","relationships","natural","title_to_toplevel","yes","reddit_relationships.csv"
"8697c2dc7b12","AITAH for refusing to follow my boyfriend’s “wife behavior” expectations?","NTA. You need to run far away from this guy. He's displaying controlling behavior and the longer you stay the worse he will get. Even if he wasn't controlling you are very clearly not compatible.","","","","","relationships","natural","title_to_toplevel","yes","reddit_relationships.csv"
"47fd5607cb4b","Anyone think the job hopping culture produces too many engineers that don’t care about maintainability?","100% there is no need to build code to last if you know you are going to be somewhere else in a few years. contracting in general just leads to worse outcomes","","","","","ExperiencedDevs","natural","title_to_toplevel","yes","reddit_expdevs.csv"
"57e98cd7211e","Anyone think the job hopping culture produces too many engineers that don’t care about maintainability?","it's all PDD anyway (promotion-driven-development)","","","","","ExperiencedDevs","natural","title_to_toplevel","yes","reddit_expdevs.csv"
"730646a47a9d","Anyone think the job hopping culture produces too many engineers that don’t care about maintainability?","Helping create jobs for each other!","","","","","ExperiencedDevs","natural","title_to_toplevel","yes","reddit_expdevs.csv"
"a19c3e05667c","Anyone think the job hopping culture produces too many engineers that don’t care about maintainability?","No, management with short-term reward structure produces products without maintainability. Engineers care but are discouraged from caring.","","","","","ExperiencedDevs","natural","title_to_toplevel","yes","reddit_expdevs.csv"
"b35a8b044b8a","Anyone think the job hopping culture produces too many engineers that don’t care about maintainability?","You are supposed to build software for the next guy. I try to live by this principle as I have been the next guy quite a few times.","","","","","ExperiencedDevs","natural","title_to_toplevel","yes","reddit_expdevs.csv"
"bc72961e5b41","Anyone think the job hopping culture produces too many engineers that don’t care about maintainability?","Job hopping culture is a direct response to corporate culture of layoffs instead of giving raises and promotions based on merit and tenure. Employees are incentivised to change jobs frequently to maximize their salary because the reward for loyalty is stagnation and loss of job. Quality of software doesn't even factor in an equation such as this one.","","","","","ExperiencedDevs","natural","title_to_toplevel","yes","reddit_expdevs.csv"
"e60f4a7a2e35","Are there mammals that have an easy gestation and birthing process with not much risk involved to either mother or baby compared to humans?","Marsupials and monotreme. Monotreme lay eggs so they have it easiest and risk free. Marsupials have a very short gestational period and give birth to a very small baby so it’s also pretty easy and lower risk. If your question only means placental mammals, all non primates have lower risk. Lot of our issues stem from having a bigger head, standing upright.","","","","","askscience","natural","title_to_toplevel","yes","reddit_askscience.csv"
"0290ac3e2c32","Bf (26m) says he will leave me if I masterbate alone(25f)?","No. We don't let men tell us we can't touch our own goddamn bodies. It's 2026 for fucks sake","","","","","relationships","natural","title_to_toplevel","yes","reddit_relationships.csv"
"42eda15f6237","Bf (26m) says he will leave me if I masterbate alone(25f)?","So he grew up in a very tight Catholic upbringing but is okay with fucking before marriage but not masturbation? Top lol","","","","","relationships","natural","title_to_toplevel","yes","reddit_relationships.csv"
"8ff79a3f1a1a","Bf (26m) says he will leave me if I masterbate alone(25f)?","DumpHimDumpHimDumpHimDumpHimDumpHimDumpHimDumpHimDumpHimDumpHimDumpHimDumpHimDumpHim DumpHimDumpHimDumpHimDumpHimDumpHimDumpHimDumpHimDumpHimDumpHimDumpHimDumpHimDumpHim","","","","","relationships","natural","title_to_toplevel","no","reddit_relationships.csv"
"aa734afffd4c","Bf (26m) says he will leave me if I masterbate alone(25f)?","Then let him leave. Why would you tolerate this for 1 second?","","","","","relationships","natural","title_to_toplevel","yes","reddit_relationships.csv"
"aadfcd6b79a4","Bf (26m) says he will leave me if I masterbate alone(25f)?","My boyfriend was raised Catholic, but I guarantee you that if I told him I was masturbating, he would get off knowing that. He is 100% about my pleasure all the time. Any other view is just wild to me. And it goes for both sides of the fence. I love knowing that he jerks off thinking about me. It does not detract from our sex life, it adds to it. Tell this guy to take a hike.","","","","","relationships","natural","title_to_toplevel","yes","reddit_relationships.csv"
"ac45457948a5","Bf (26m) says he will leave me if I masterbate alone(25f)?","OP, I have known several men who felt this way. They were also very religious, very conservative, EXTREMELY controlling and...I'm sure this comes as no surprise, very abusive (in a myriad of ways). I'd leave if I were you. This isn't healthy.","","","","","relationships","natural","title_to_toplevel","yes","reddit_relationships.csv"
"4228c35a446e","Boyfriend (32M) still has weekly “date night” with ex – am I (29F) overreacting?","Currently you are the in between girl, he expects to keep coming back to her. Break it off early, you dont need this","","","","","relationships","natural","title_to_toplevel","yes","reddit_relationships.csv"
"63b95f7bb1d9","Boyfriend (32M) still has weekly “date night” with ex – am I (29F) overreacting?","Sounds like you’re the girl who’s in the break up period of their on and off relationship. I’d just remind him he said he’d change it and tell him you have no issue with them hanging out but would be more comfortable if it was in a group and less date like. I wonder how he’d feel if you had a date once a week with an ex. Maybe the reason they keep getting back together is because their new partners don’t like their weekly dates and dump them.","","","","","relationships","natural","title_to_toplevel","yes","reddit_relationships.csv"
"9905266e5b00","Boyfriend (32M) still has weekly “date night” with ex – am I (29F) overreacting?","This is really strange, and there’s absolutely no way I’d be putting up with this. It’s only been 4 months OP, you can do better than this.","","","","","relationships","natural","title_to_toplevel","yes","reddit_relationships.csv"
"b3e4dd12fb4e","Boyfriend (32M) still has weekly “date night” with ex – am I (29F) overreacting?","Make a date on Friday with a male friend. See what happens.","","","","","relationships","natural","title_to_toplevel","yes","reddit_relationships.csv"
"c6771c649828","Boyfriend (32M) still has weekly “date night” with ex – am I (29F) overreacting?","If my girlfriend started seeing her ex and doing date nights with him, I'd be already packing her bags and telling her not to waste my time. You're being made to look like a chump and a walkover.","","","","","relationships","natural","title_to_toplevel","yes","reddit_relationships.csv"
"6c9a1d9ce158","Do short-lived insects gain experience?","Just to point out that insects with very short lives have far higher temporal resolution than we do, so the world around them goes in slow motion. The tradeoff for this is that it's metabolically expensive, hence the short life, but from the frame of reference of the insect, they lived a long time. We tend to think that our perception of time is the norm, but every species experiences the world at different rates.","","","","","askscience","natural","title_to_toplevel","yes","reddit_askscience.csv"
"11acb3431140","Do we get enough vitamin D wearing sunscreen?","Eating it is how humans survived dark winters in the north. The fair skin helped, but in northern winter you still get into a deficit very easily and most adults in germany have a deficit in winter. Taking a supplement isnt really different from surviving on vitamin D rich foods. Skin damage or even cancer from sun damage is the worse thing in my opinion, I rather take a supplement and check in with the doctor (bloodwork once a year) than risk sun damage or an unhealthy deficit.","","","","","askscience","natural","title_to_toplevel","yes","reddit_askscience.csv"
"1762e692879a","Do we get enough vitamin D wearing sunscreen?","The sun is just one way to get vitamin D. You can also get it from fish, milk, cheese, egg yolks, and other dietary sources. Some foods (like milk and cereals) can be purchased fortified with extra vitamin D if you're worried. You can also get vitamin D supplements, but in any case if you're worried your doctor can do a pretty simple bit of blood work to check your levels.","","","","","askscience","natural","title_to_toplevel","yes","reddit_askscience.csv"
"a1c36ca9a56a","Do we get enough vitamin D wearing sunscreen?","It's a lot easier to take a vitamin D supplement, and as far as we can tell it works equally well as getting vitamin D from sunlight. So, go outside to exercise or just because it's enjoyable, but don't do it just for that reason.","","","","","askscience","natural","title_to_toplevel","yes","reddit_askscience.csv"
"d7b63fdeb013","Do we get enough vitamin D wearing sunscreen?","Have you been checked for vitiligo? I get blotchy white spots that only appear after some sun that the doctor diagnosed as vitiligo. The amount of sunlight required for proper vitamin D production is relatively small. Sunscreen shouldn't be enough to cause any sort of deficiency.","","","","","askscience","natural","title_to_toplevel","yes","reddit_askscience.csv"
"2a796213a1d0","Does all our energy on Earth come from the sun?","More than 99.9% of the energy used on Earth ultimately comes from the Sun. As others have pointed out, you have geothermal energy, nuclear fission and tidal power as exeptions. Though the Sun does play a smaller role in that one.","","","","","askscience","natural","title_to_toplevel","yes","reddit_askscience.csv"
"cc1cb64ce48d","Does the Milky Way and the Local Group have fewer supernovae than normal, and if so why?","The supernova to which you refer was the last recorded observed by the human eye. Most of the stars you see in the night sky are relatively close to our system. The youngest remnant we're aware of is about 140 years old and about 28,000 light years away. Bear in mind that we can't see all the Milky Way galaxy. An awful lot of it is obscured to us, by dust.","","","","","askscience","natural","title_to_toplevel","no","reddit_askscience.csv"
"343fab1becd8","ELI5 How can a leaner individual achieve greater strength than a more muscular, trained counterpart?","You currently bench 60 kg and you believe you have more muscle mass?","","","","","explainlikeimfive","natural","title_to_toplevel","yes","reddit_eli5_2.csv"
"53fb09172e23","ELI5 How can a leaner individual achieve greater strength than a more muscular, trained counterpart?","To put it bluntly, you are fat. You have less muscle than you think you do. They are lean, they have more total muscle mass than you. Muscle is denser and thus take up less space on the body than fat. They may look less muscular but they have more than you.","","","","","explainlikeimfive","natural","title_to_toplevel","yes","reddit_eli5_2.csv"
"8a89bbe83c44","ELI5 How can a leaner individual achieve greater strength than a more muscular, trained counterpart?","Sarcoplasmic vs myofibrilar hypertrophy. Training to increase size vs training to increase strength. Id rather shake hands with a bodybuilder than a rock climber, little bastard will crush your hand like a coke can.","","","","","explainlikeimfive","natural","title_to_toplevel","yes","reddit_eli5_2.csv"
"cc0b1302f928","ELI5 How can a leaner individual achieve greater strength than a more muscular, trained counterpart?","Strength is about muscle fiber density, not muscle mass. More muscle mass does not make you stronger, it just means you have more muscle. Edit: I should have worded that better. Adding muscle mass does add strength. What I meant was one individual having more muscle mass than another individual does not make the one with more mass stronger. This is because muscle fiber density is much more strongly correlated to strength than muscle mass alone","","","","","explainlikeimfive","natural","title_to_toplevel","yes","reddit_eli5_2.csv"
"cff952cb831c","ELI5 How can a leaner individual achieve greater strength than a more muscular, trained counterpart?","Most likely he doesn't have less muscle mass than you. Largely, strength = muscle mass but it is a nervous system adaption as well so someone who looks a little smaller can be stronger.","","","","","explainlikeimfive","natural","title_to_toplevel","yes","reddit_eli5_2.csv"
"e03a72f12975","ELI5 How can a leaner individual achieve greater strength than a more muscular, trained counterpart?","Strength and mass are not proportinately correlated, that's why body builders aren't always strong, and why strongmen don't look like body builders. You'd need to focus on training strength rather than muscle mass to be strong and lean.","","","","","explainlikeimfive","natural","title_to_toplevel","yes","reddit_eli5_2.csv"
"8fcf85a36f8f","ELI5 When a software program is ""deleted"" from a hard drive, what actually happens to the physical space it was taking up?","Imagine owning a massive warehouse where you have a book telling you everything in it. In general when you decide you don’t want something you erase it out of the book, but leave it on the shelf as doing something with it costs energy and time. So when you get something new you look in the book, find a blank location, go there, and replace what is on the shelf with the new item and then dispose of the old one.","","","","","explainlikeimfive","natural","title_to_toplevel","yes","reddit_eli5.csv"
"a2aa2e07f3b0","ELI5 When a software program is ""deleted"" from a hard drive, what actually happens to the physical space it was taking up?","the memory space gets assigned as 'available'. The program still exists until it has been rewritten in memory space. That is why the police can recreate stuff deleted.","","","","","explainlikeimfive","natural","title_to_toplevel","yes","reddit_eli5.csv"
"173e922193ca","ELI5 Why or how do medicines have two names? How do they pick the ""generic"" name?","The “generic” name is the actual name (or sometimes a shortened version) of the chemical compound that makes up the medication. The brand name is a marketing name invented by the pharmaceutical company that patented it that’s easier to say/remember.","","","","","explainlikeimfive","natural","title_to_toplevel","yes","reddit_eli5.csv"
"691c678a7dcd","ELI5 Why or how do medicines have two names? How do they pick the ""generic"" name?","Generic names follow the rules of the [international nonproprietary name](https://en.wikipedia.org/wiki/International_nonproprietary_name) system created by the WHO. They are created from a system of stems and affixes according to the drug's use and chemical properties, e.g. the suffix ""-caine"" is used for local anaesthetics and ""-vir"" is used for antivirals.","","","","","explainlikeimfive","natural","title_to_toplevel","yes","reddit_eli5.csv"
"99793ad3640d","ELI5 Why or how do medicines have two names? How do they pick the ""generic"" name?","The generic name is for things like science and research where as the brand name is tied to things like marketing and branding.","","","","","explainlikeimfive","natural","title_to_toplevel","yes","reddit_eli5.csv"
"ac8f4b81eab3","ELI5 Why or how do medicines have two names? How do they pick the ""generic"" name?","Same thing as with Kleenex and tissue. The generic name is tissue, but many people say Kleenex because it’s become so common. Most people don’t ask for acetaminophen or ibuprofen. They ask for Tylenol or Advil, even though they don’t really care about the brand","","","","","explainlikeimfive","natural","title_to_toplevel","yes","reddit_eli5.csv"
"41b355dbc59b","ELI5 go to bed at 10pm wake up for work at 6am feel like dogshit, go to bed at 10 no work wake up at 5:30 feel amazing ?","Because having to go to work feels bad, and getting up early to do whatever you'd like with your day feels great!","","","","","explainlikeimfive","natural","title_to_toplevel","yes","reddit_eli5.csv"
"89afb0823b71","ELI5 go to bed at 10pm wake up for work at 6am feel like dogshit, go to bed at 10 no work wake up at 5:30 feel amazing ?","Go to sleep stressing about work the next day = poor quality sleep. Go to sleep knowing tomorrow is a day off = better quality sleep 7.5 hours of good quality sleep + waking up without needing to rush around to get ready for a work day will make you feel much better than 8 hours of lower quality sleep + waking up to a busy morning.","","","","","explainlikeimfive","natural","title_to_toplevel","yes","reddit_eli5.csv"
"c1458883931e","ELI5 go to bed at 10pm wake up for work at 6am feel like dogshit, go to bed at 10 no work wake up at 5:30 feel amazing ?","Find work you will actually enjoy. That solves your problem","","","","","explainlikeimfive","natural","title_to_toplevel","yes","reddit_eli5.csv"
"012e3386f397","ELI5 if a human is 70% water, where is the water?","Your blood is mostly water. Your saliva is mostly water. Each of your trillions of cells that make up your meat, nerves, brain, etc contain mostly water. A great way to visualize this is to make beef jerky. If you put 1lb of beef in a dehydrator, youll get back a few ounces of jerky. The only thing that happened in the dehydrator is the water evaporated.","","","","","explainlikeimfive","natural","title_to_toplevel","yes","reddit_eli5_2.csv"
"a65f0f88f2fb","ELI5 if a human is 70% water, where is the water?","Blood is mostly water. But more importantly, [your cells](https://en.wikipedia.org/wiki/Cell_(biology)) are little sacks of water with various stuff floating around inside them. The whole point of a cell wall (the outer layer) is to keep it all in, so it doesn't just float away and the things inside can bump into each other and do their jobs.","","","","","explainlikeimfive","natural","title_to_toplevel","yes","reddit_eli5_2.csv"
"bc5f96b99bea","ELI5 if a human is 70% water, where is the water?","Honest question. what do you think blood is made of?","","","","","explainlikeimfive","natural","title_to_toplevel","yes","reddit_eli5_2.csv"
"ed42ab934a3e","ELI5 if a human is 70% water, where is the water?","It’s in a lot of places, but mostly what people mean is that it’s inside your cells. All that flesh you can see doesn’t look like mummified beef jerky because it’s full like a water balloon. Also your blood is a lot of water.","","","","","explainlikeimfive","natural","title_to_toplevel","yes","reddit_eli5_2.csv"
"0211fa8d6e26","ELI5, in the shipwrecks in The Great Lakes, why don’t bodies float up?","There is a wreck deep in Lake Superior off Isle Royale *with bodies still in it*, 100 years after it sank. [https://en.wikipedia.org/wiki/SS\_Kamloops](https://en.wikipedia.org/wiki/SS_Kamloops)","","","","","explainlikeimfive","natural","title_to_toplevel","no","reddit_eli5_2.csv"
"0b4d85fb2563","ELI5, in the shipwrecks in The Great Lakes, why don’t bodies float up?","Waters in Lake Superior are cold enough that the bacteria responsible for decomposing bodies doesnt exist. Absent the decomposition and the gas byproduct there is nothing to cause bodies to be buoyant .","","","","","explainlikeimfive","natural","title_to_toplevel","yes","reddit_eli5_2.csv"
"0ba79c2e784c","ELI5, in the shipwrecks in The Great Lakes, why don’t bodies float up?","The lake, it is said, never gives up her dead.","","","","","explainlikeimfive","natural","title_to_toplevel","yes","reddit_eli5_2.csv"
"27d66d5207b4","ELI5, in the shipwrecks in The Great Lakes, why don’t bodies float up?","Lake Superior is too cold. The bodies don't decompose, bloat, and float to the surface. They stay frozen at the bottom of the lake.","","","","","explainlikeimfive","natural","title_to_toplevel","yes","reddit_eli5_2.csv"
"2c8d187529a1","ELI5, in the shipwrecks in The Great Lakes, why don’t bodies float up?","Under the waves and the earth of an age Lie a thousand old northerners' graves Deep in the night when the moon's glowing bright They come rising up into the night","","","","","explainlikeimfive","natural","title_to_toplevel","yes","reddit_eli5_2.csv"
"3228a233eae9","ELI5, in the shipwrecks in The Great Lakes, why don’t bodies float up?","Water is too cold so bacteria can't digest the body and give off gas from digestion to cause the body to float","","","","","explainlikeimfive","natural","title_to_toplevel","yes","reddit_eli5_2.csv"
"0be08546eec1","ELI5: How do kids become prodigies?","A great example that maybe undermines the belief that all prodigious talent is inborn would be the Polgar sisters in chess.","","","","","explainlikeimfive","natural","title_to_toplevel","yes","reddit_eli5.csv"
"147aad77fb3e","ELI5: How do kids become prodigies?","They have a natural aptitude for a particular skill, the interest in pursuing training to cultivate that skill, and parents wealthy enough to help them access that training.","","","","","explainlikeimfive","natural","title_to_toplevel","yes","reddit_eli5.csv"
"249a429fe5ba","ELI5: How do kids become prodigies?","Obsession, supportive parents, natural talent. Don’t discount natural talent. We don’t understand the human brain. Some people are naturally very good at certain things. Would they still be good at it if they weren’t exposed to it at a young age? Maybe not, but they’d probably be very good at something else.","","","","","explainlikeimfive","natural","title_to_toplevel","yes","reddit_eli5.csv"
"5bde88af0f9d","ELI5: How do kids become prodigies?","Thomas Edison said that ""Genius is 1% inspiration and 99% perspiration","","","","","explainlikeimfive","natural","title_to_toplevel","yes","reddit_eli5.csv"
"04378c16f147","ELI5: If you buy a green bell pepper, why do you not see it ripen and change color in the way that a green banana would?","Not all fruits and vegetables ripen after being harvested. bell peppers will finish a colour transition if the conditions are right, but they won't start one.","","","","","explainlikeimfive","natural","title_to_toplevel","yes","reddit_eli5.csv"
"2bcd411c3cef","ELI5: If you buy a green bell pepper, why do you not see it ripen and change color in the way that a green banana would?","I grow bell peppers in my garden. When green bells start turning red, I pick them because critters eat the red ones. I put the still green but partially red peppers in a single layer on cardboard in the shade inside my home. They gradually change completely to fully red bells, sweet as they should be.","","","","","explainlikeimfive","natural","title_to_toplevel","yes","reddit_eli5.csv"
"8cb196bc8f11","ELI5: If you buy a green bell pepper, why do you not see it ripen and change color in the way that a green banana would?","You do see it, bit it takes longer to ripen than a banana does. Usually you'll see the nubs on the bottoms start to turn yellow/red.","","","","","explainlikeimfive","natural","title_to_toplevel","yes","reddit_eli5.csv"
"b5c63bbd7a91","ELI5: If you buy a green bell pepper, why do you not see it ripen and change color in the way that a green banana would?","They ripen more slowly so off the plant they may rot before they have a chance to ripen, but if you have a properly mature green pepper it may change color if you leave it in the sun in a windowsill for two weeks.","","","","","explainlikeimfive","natural","title_to_toplevel","yes","reddit_eli5.csv"
"a61c1116344a","ELI5: In the US, how does the National Science Board (NSB) impact the National Science Foundation (NSF)?","Think of the National Science Board as the group that sets the big rules and direction while the National Science Foundation is the one actually giving out money and running programs. The NSB decides the priorities and approves major decisions so the NSF follows that roadmap when funding science and research.","","","","","explainlikeimfive","natural","title_to_toplevel","yes","reddit_eli5.csv"
"e570cb7eed5d","ELI5: What is the I/O differnces between passing a password via keyboard vs autofill or password manager?","Auto fill is less safe because it means your password is saved in plain text somewhere on your computer and labelled as being for the site An actual password manager would encrypt them","","","","","explainlikeimfive","natural","title_to_toplevel","yes","reddit_eli5.csv"
"4064fef6338c","ELI5: Why can't we use Solar panels to directly charge electric cars?","Are you asking why electric cars don't have solar panels on them? It's because a solar panel of that size would generate a negligible amount of power and would not even be worth installing.","","","","","explainlikeimfive","natural","title_to_toplevel","yes","reddit_eli5_2.csv"
"59068f98aa1d","ELI5: Why can't we use Solar panels to directly charge electric cars?","You can, but the area of solar panels you would need to charge a car is way to big to be mounted on the car.","","","","","explainlikeimfive","natural","title_to_toplevel","yes","reddit_eli5_2.csv"
"5d50a05fcf91","ELI5: Why can't we use Solar panels to directly charge electric cars?","Why can't we? Who says we can't? Do you mean why not put them on the roof of the car directly? Your car does not have enough surface area to effectively charge the car and the added weight would also ruin your mileage.","","","","","explainlikeimfive","natural","title_to_toplevel","yes","reddit_eli5_2.csv"
"ee8e0d63da59","ELI5: Why can't we use Solar panels to directly charge electric cars?","Go read about Aptera: they have a car that can add 40 miles of range per day just parked outside. It's pretty cool. https://aptera.us/","","","","","explainlikeimfive","natural","title_to_toplevel","yes","reddit_eli5_2.csv"
"3031dd0153e0","ELI5: Why were the Great Plains not covered in forests, even before European settlement?","Rainfall really falls off west of the 100th meridian, and you can see this if you look at a population density map of the US as well, it falls off. Hard to have a lot of heavily water dependent life, either forestry or farming, if there isn't a lot of rainfall.","","","","","explainlikeimfive","natural","title_to_toplevel","yes","reddit_eli5_2.csv"
"7814bf234773","ELI5: Why were the Great Plains not covered in forests, even before European settlement?","The rain shadow caused by the Rockies has a lot to do with it. Draw a line between Sioux Falls, Omaha, Wichita, and Dallas. There just isn't much moisture to the west of it, so no trees.","","","","","explainlikeimfive","natural","title_to_toplevel","yes","reddit_eli5_2.csv"
"8fa300b51121","ELI5: Why were the Great Plains not covered in forests, even before European settlement?","We were once called the Great American Desert. Trees need rain.","","","","","explainlikeimfive","natural","title_to_toplevel","yes","reddit_eli5_2.csv"
"9e54675bf34c","ELI5: Why were the Great Plains not covered in forests, even before European settlement?","Left to its own devices, grasslands experience frequent wildfires. Those fires kill off trees. Grass grows faster than trees, outcompeting for light and nutrients. Add humans, and slow-growing trees have an even harder time surviving semi-arid grasslands because they get chopped down for firewood.","","","","","explainlikeimfive","natural","title_to_toplevel","no","reddit_eli5_2.csv"
"d354684aefb8","ELI5: Why were the Great Plains not covered in forests, even before European settlement?","Big herbivores are what does that. On the continent being discussed, bison.","","","","","explainlikeimfive","natural","title_to_toplevel","yes","reddit_eli5_2.csv"
"f9b707caa3a9","ELI5: Why were the Great Plains not covered in forests, even before European settlement?","Recurrent drought makes it hard for tree seedings to survive long enough to grow deep roots and mature.","","","","","explainlikeimfive","natural","title_to_toplevel","yes","reddit_eli5_2.csv"
"2df6b810a7d4","Eli5 How do astronauts respond to minor discomforts like itching when in a spacesuit?","They ignore it until the job is done instead of being a little bitch.","","","","","explainlikeimfive","natural","title_to_toplevel","yes","reddit_eli5.csv"
"6d59775a194e","Eli5 How do astronauts respond to minor discomforts like itching when in a spacesuit?","Don't they have a little scratch pad in their helmet to scratch the nose?","","","","","explainlikeimfive","natural","title_to_toplevel","yes","reddit_eli5.csv"
"74acaf5ac2db","Eli5 How do astronauts respond to minor discomforts like itching when in a spacesuit?","heard without gravity, all the blood doesn't flow to their bottom half of the body but mostly to their head. some even have their heart smaller after 7 days in the space.","","","","","explainlikeimfive","natural","title_to_toplevel","yes","reddit_eli5.csv"
"9910b27847aa","Eli5 How do astronauts respond to minor discomforts like itching when in a spacesuit?","Think of a space suit as less of a clingy garment, and more of a little personal spaceship. You can easily slide your arm out of your sleeve and reach up into your helmet to scratch.","","","","","explainlikeimfive","natural","title_to_toplevel","yes","reddit_eli5.csv"
"ec320b325c4d","Eli5 How do astronauts respond to minor discomforts like itching when in a spacesuit?","you can take your arm out the space suit sleeve and itch yourself if the suit is big enough","","","","","explainlikeimfive","natural","title_to_toplevel","yes","reddit_eli5.csv"
"3ffd85c5093a","How to deal with juniors shipping AI slop code?","Code review. “Request Changes”","","","","","ExperiencedDevs","natural","title_to_toplevel","yes","reddit_expdevs.csv"
"f4b8298f7bb4","How to deal with juniors shipping AI slop code?","Plenty of juniors in the pool, give feedback on pushing slop and if they don't improve just cycle them out for new ones.","","","","","ExperiencedDevs","natural","title_to_toplevel","yes","reddit_expdevs.csv"
"fd15735d2eba","How to deal with juniors shipping AI slop code?","Juniors should not be using these tools given their current half assed state. I welcome the downvote to hell.","","","","","ExperiencedDevs","natural","title_to_toplevel","yes","reddit_expdevs.csv"
"28a6071061be","I (33F) just found out my best friends(33F) exhusband(33M) raped me at a college party while drunk 13 years ago. She doesn’t think it’s a big deal because it happened “too long ago”. Did my friendship just die?","I am so sorry. &gt;&gt; As I cannot press charges for sexual assault anymore I would talk to a lawyer about what you *could* do. A filed report is better than nothing. Edit to reply to the person who deleted their comment, yes even with zero evidence and no memory. I’m not a lawyer. I don’t know what could be done. It’s worth talking to someone.","","","","","relationship_advice","natural","title_to_toplevel","yes","reddit_reladvice.csv"
"37eb51b8b700","I (33F) just found out my best friends(33F) exhusband(33M) raped me at a college party while drunk 13 years ago. She doesn’t think it’s a big deal because it happened “too long ago”. Did my friendship just die?","So wait, you were having consensual sex with your best friend’s ex-husband that she is cool with but she is upset with you/him about a non-consensual sexual incident from 13 years ago? Wtf It also sounds like he’s lying about sexually assaulting you. Honestly, ditch them both and don’t look back.","","","","","relationship_advice","natural","title_to_toplevel","yes","reddit_reladvice.csv"
"4882dcc99fb4","I (33F) just found out my best friends(33F) exhusband(33M) raped me at a college party while drunk 13 years ago. She doesn’t think it’s a big deal because it happened “too long ago”. Did my friendship just die?","Seems like that guy is lying to get you out of their lives. No one would say they raped someone and then provide details of a crime they committed to their victim. Unless we are talking about someone really fucking stupid.","","","","","relationship_advice","natural","title_to_toplevel","yes","reddit_reladvice.csv"
"6e2a9de53344","I (33F) just found out my best friends(33F) exhusband(33M) raped me at a college party while drunk 13 years ago. She doesn’t think it’s a big deal because it happened “too long ago”. Did my friendship just die?","Possible it never even happened ... if he wants you out of her life, maybe this is his way to achieve that.","","","","","relationship_advice","natural","title_to_toplevel","yes","reddit_reladvice.csv"
"97b159636cfc","I (33F) just found out my best friends(33F) exhusband(33M) raped me at a college party while drunk 13 years ago. She doesn’t think it’s a big deal because it happened “too long ago”. Did my friendship just die?","Is there a chance he could be lying about the whole thing just to harm her friendship with you?","","","","","relationship_advice","natural","title_to_toplevel","yes","reddit_reladvice.csv"
"c1a6f6855f28","I (33F) just found out my best friends(33F) exhusband(33M) raped me at a college party while drunk 13 years ago. She doesn’t think it’s a big deal because it happened “too long ago”. Did my friendship just die?","Yes your friendship is dead.","","","","","relationship_advice","natural","title_to_toplevel","yes","reddit_reladvice.csv"
"0ad056b4208b","Just got laid off. Want to take a gap year. Is that advisable?","You’re taking a gap year whether you want to or not right now","","","","","cscareerquestions","natural","title_to_toplevel","yes","reddit_cscareer.csv"
"12b21f275eae","Just got laid off. Want to take a gap year. Is that advisable?","The job search is the gap year lol I applied for 6 months before landing something which I will start in July","","","","","cscareerquestions","natural","title_to_toplevel","yes","reddit_cscareer.csv"
"3fd967e7fab2","Just got laid off. Want to take a gap year. Is that advisable?","Yeah taking a year off is great - would never consider it a knock on someone's resume","","","","","cscareerquestions","natural","title_to_toplevel","yes","reddit_cscareer.csv"
"47cbfe9bdc37","Just got laid off. Want to take a gap year. Is that advisable?","You may have an unintentional gap year ahead.","","","","","cscareerquestions","natural","title_to_toplevel","yes","reddit_cscareer.csv"
"8e618e0ec2ee","Just got laid off. Want to take a gap year. Is that advisable?","Do you have money ? I took about 6 weeks off to Asia, interviewed remotely and then flew back once I had a job lined up. Now I'm saving up again , going to Asia was easily one of the best things I've ever done. If you're going to sit around doing nothing, pick a cheaper country than the US.","","","","","cscareerquestions","natural","title_to_toplevel","yes","reddit_cscareer.csv"
"9456af3a46e8","Just got laid off. Want to take a gap year. Is that advisable?","Start a company"" if you do. Better to go into interviews saying you explored the founder mindset than I needed a break","","","","","cscareerquestions","natural","title_to_toplevel","yes","reddit_cscareer.csv"
"131daf9476da","Managers decided AI is worth 5x speedup; how do I explain to them how it really works?","AI advocates like to say AI coding “shifts the burden to review.” It’s okay that a non-deterministic, hallucinating AI generated your code, because you’re going to carefully review it! So one would expect that with AI coding, reviews now take longer than they used to. Nope. Your manager expects reviews to be faster too. This does not end well or you care about the software not being crap.","","","","","ExperiencedDevs","natural","title_to_toplevel","no","reddit_expdevs.csv"
"2657cff26ba7","Managers decided AI is worth 5x speedup; how do I explain to them how it really works?","Let's say that you hypothetically could develop the code 5X faster using AI. That does not mean the entire project will get shipped 5X faster. Because there is more to completing a project than just writing the code.","","","","","ExperiencedDevs","natural","title_to_toplevel","yes","reddit_expdevs.csv"
"500eb9c14bbb","Managers decided AI is worth 5x speedup; how do I explain to them how it really works?","You can cook a turkey at 325F in the oven for 3 hours. To a manager, this means you can also cook a turkey at 975F in the oven for 20 minutes. That’s it. That’s the logic.","","","","","ExperiencedDevs","natural","title_to_toplevel","yes","reddit_expdevs.csv"
"529c219c1958","Managers decided AI is worth 5x speedup; how do I explain to them how it really works?","It has to play out unfortunately. There's too much market pressure right now. It's better to just engage in malicious compliance.","","","","","ExperiencedDevs","natural","title_to_toplevel","yes","reddit_expdevs.csv"
"52dbc5ac44e4","Managers decided AI is worth 5x speedup; how do I explain to them how it really works?","Your managers are not ambitious enough. Mine were talking about 10x to 40x. They are scared shitless about having any public documentation of the product, because somebody could copy it using AI in a single night. I'm just encouraging them to keep build agentic workflows and show us shit demos with the most generic examples ever. Let them sink. In the meantime, I'm in the second stage of 2 interview processes.","","","","","ExperiencedDevs","natural","title_to_toplevel","yes","reddit_expdevs.csv"
"94fb2284915a","Managers decided AI is worth 5x speedup; how do I explain to them how it really works?","lol just quit now, you will never, *never*, explain cognitive burnout to upper management. They *fully* understand what they're doing, and they *relish* in ruining your mental health. Acknowledging that you know what they're doing will only make it worse on yourself","","","","","ExperiencedDevs","natural","title_to_toplevel","yes","reddit_expdevs.csv"
"0886ab22244a","Military members and veterans, what ""Military Grade"" item is actually great instead of ""barely good enough to meet spec""?","depends what branch but some of the cold weather gear is actually pretty solid, especially the layers system they use now. my dad was army and swears by those fleece jackets even years later - still wears his around house all the time and it holds up way better than civilian stuff i've bought","","","","","askreddit","natural","title_to_toplevel","no","reddit_pairs.csv"
"2092f93a329b","Military members and veterans, what ""Military Grade"" item is actually great instead of ""barely good enough to meet spec""?","The 240B, and the Charlie and the Gulf and the Lima. The Javelin. The later M2 Bradley variants. FBCB2 and BFT. The newer laser sights and the ENVG-B. MBITRs etc. have been a massive improvement.","","","","","askreddit","natural","title_to_toplevel","no","reddit_pairs.csv"
"4917e9fd7631","Military members and veterans, what ""Military Grade"" item is actually great instead of ""barely good enough to meet spec""?","Polypropylene/cold weather/artic gear. Anything Goretex. 3 piece sleeping bag. If you stripped down to your skivs and zipped it up, and put a pad on the ground, you'd stay toasty in freezing temps. Only downside was it's small as hell, hard to get dressed inside it without opening. I still have 2 Goretex jackets and liners that are over 20 years old. ODG duffel bags. Metal AR mags- beat to shit, lived through every war theater on the planet and kept on truckin. Lots of stuff.","","","","","askreddit","natural","title_to_toplevel","no","reddit_pairs.csv"
"5b447cebf8e9","Military members and veterans, what ""Military Grade"" item is actually great instead of ""barely good enough to meet spec""?","Food preservation. MREs are wild.","","","","","askreddit","natural","title_to_toplevel","no","reddit_pairs.csv"
"b40032e3bcd6","Military members and veterans, what ""Military Grade"" item is actually great instead of ""barely good enough to meet spec""?","The green “memo” notepads in every imaginable size. Loved those things!","","","","","askreddit","natural","title_to_toplevel","no","reddit_pairs.csv"
"d1a2a042f6a1","Military members and veterans, what ""Military Grade"" item is actually great instead of ""barely good enough to meet spec""?","Not a veteran, but a vet taught me about this. Canvas tents. So much better than even the best of the cheap crap polyester ones. Rain proof, snow proof. Insulates way better against heat and cold if set up properly. Most of then have ports for stoves for cooking/heating The only real problems are that they're expensive, usually only come in 3+ person sizes, though i've seen smaller. And maintaining the canvas can be a pain in the ass sometimes.","","","","","askreddit","natural","title_to_toplevel","no","reddit_pairs.csv"
"09bdce9ff10a","My bf (M27) wore a blindfold to have sex with me (M26). Now what?","Please don't be a part of this toxic situation anymore! He's so awful to you. You deserve someone so much better than this.","","","","","relationship_advice","natural","title_to_toplevel","yes","reddit_reladvice.csv"
"0fc89f741ccf","My bf (M27) wore a blindfold to have sex with me (M26). Now what?","You deserve someone who is obsessed with you!","","","","","relationship_advice","natural","title_to_toplevel","yes","reddit_reladvice.csv"
"2d1c8b6f8f34","My bf (M27) wore a blindfold to have sex with me (M26). Now what?","This post made me sad and feel really bad for you. Leave this man, find somebody that sees your beauty and is attracted to you and cherishes you. You are worth more!!","","","","","relationship_advice","natural","title_to_toplevel","yes","reddit_reladvice.csv"
"39fcd681c87a","My bf (M27) wore a blindfold to have sex with me (M26). Now what?","Get out dude, it’s not just the sex thing, it sounds like he full stop doesnt respect you. I know it will be painful, but I really feel from what I can get from this post is that you’re more used to the relationship as opposed to enjoying it. You’re still very young and can def find someone who will be all over you and not belittle you!","","","","","relationship_advice","natural","title_to_toplevel","yes","reddit_reladvice.csv"
"69c66161666c","My bf (M27) wore a blindfold to have sex with me (M26). Now what?","My heart's breaking for ya dude, but, why the hell are you dating someone who continually mentions how unattractive they find you? Sounds masochistic.","","","","","relationship_advice","natural","title_to_toplevel","yes","reddit_reladvice.csv"
"70eda75463b1","My bf (M27) wore a blindfold to have sex with me (M26). Now what?","Imagine I wrote this. Read it back like a stranger wrote it about their partner and imagine the advice you'd give. Please. If you can't see this asshole for what he is, no stranger in the Internet is going to convince you otherwise.","","","","","relationship_advice","natural","title_to_toplevel","yes","reddit_reladvice.csv"
"29b635fd3073","PMs and Designers are pushing changes to the code. So far they're successful. Do you have that in your company?","not seeing this at my place yet but the simple stuff they're probably doing with ai won't replace actual engineering - focus in system design and architecture since that's where real value is at.","","","","","cscareerquestions","natural","title_to_toplevel","yes","reddit_cscareer.csv"
"44976184aa12","PMs and Designers are pushing changes to the code. So far they're successful. Do you have that in your company?","Are they going to be on the hook when stuff breaks too? Everything is simple until it isn't.","","","","","cscareerquestions","natural","title_to_toplevel","yes","reddit_cscareer.csv"
"c94f9f41a7a2","PMs and Designers are pushing changes to the code. So far they're successful. Do you have that in your company?","It was initially like this but it turned out engineers using AI to be PMs/designers is better across the board than PMs/designers being engineers.","","","","","cscareerquestions","natural","title_to_toplevel","yes","reddit_cscareer.csv"
"12024dd7bde9","Update- AITA for refusing to apologize to my Bfs mother for an argument I “caused”?","INFO: With a single semester to go, why in God's green earth did your BF leave his IRL college program to move with you to Texas and take classes online? I feel like there's a LOT of missing info here. Including who was paying for his college.","","","","","AmItheAsshole","natural","title_to_toplevel","yes","reddit_aita_2.csv"
"7016109a7e72","Update- AITA for refusing to apologize to my Bfs mother for an argument I “caused”?","Always link to the original post. https://www.reddit.com/r/AmItheAsshole/s/OBxs5i2rGk","","","","","AmItheAsshole","natural","title_to_toplevel","yes","reddit_aita_2.csv"
"caf283510096","Update- AITA for refusing to apologize to my Bfs mother for an argument I “caused”?","He didn't tell either one of us the full truth about the move, and was trying to keep the heat off of him"" Wow thats a huge red flag. He has to put in some major work to repairing this loss of trust. Is he going to throw you under the bus in the future? Is he going to tell you and others half truths so he doesn't have to deal with it? How often does he normally lie to you or those around him? If he uses lying as a self defense mechanism, it can be unlearned if he cares enough. Good luck.","","","","","AmItheAsshole","natural","title_to_toplevel","yes","reddit_aita_2.csv"
"d65118514d6e","Update- AITA for refusing to apologize to my Bfs mother for an argument I “caused”?","What did he not tell either of you and what was his reasoning? Was it cowardice?","","","","","AmItheAsshole","natural","title_to_toplevel","yes","reddit_aita_2.csv"
"33625c7623cf","Update: AITA for ""Holding my Grandmothers Pearls Hostage"" if my partner can't go to my Sisters wedding?","NTA Congratulations! Your wedding will be beautiful and now, drama free. And I'm so glad to see someone having their priorities right on Reddit! Sticking up for your partner and not wasting all your money on a wedding.","","","","","AmItheAsshole","natural","title_to_toplevel","no","reddit_aita.csv"
"416df64eac90","Update: AITA for ""Holding my Grandmothers Pearls Hostage"" if my partner can't go to my Sisters wedding?","Congratulations! Not sure if your family had any spare keys to your place. Maybe change the locks so noone can try to swipe the necklace. I wouldn't put it past people.","","","","","AmItheAsshole","natural","title_to_toplevel","no","reddit_aita.csv"
"42e1290abd6b","Update: AITA for ""Holding my Grandmothers Pearls Hostage"" if my partner can't go to my Sisters wedding?","NTA. Congrats to you both. Have your wedding the day before hers.","","","","","AmItheAsshole","natural","title_to_toplevel","yes","reddit_aita.csv"
"7ba3532d95f8","Update: AITA for ""Holding my Grandmothers Pearls Hostage"" if my partner can't go to my Sisters wedding?","If a necklace is all you're worth to her, it doesn't sound like you'll be missing much","","","","","AmItheAsshole","natural","title_to_toplevel","yes","reddit_aita.csv"
"83bd6fb60745","Update: AITA for ""Holding my Grandmothers Pearls Hostage"" if my partner can't go to my Sisters wedding?","Congratulations on the engagement. May the two of you have a long, happy, and loving marriage surrounded by people who care for and support you.","","","","","AmItheAsshole","natural","title_to_toplevel","yes","reddit_aita.csv"
"de3499d170d2","Update: AITA for ""Holding my Grandmothers Pearls Hostage"" if my partner can't go to my Sisters wedding?","Congrats! May your marriage be a long and happy one. &gt;We're using money we might have spent on a huge wedding as a deposit for a house instead Good on you! It kills me when I see people spending tens of thousands on a wedding then complaining they'll never afford a house.","","","","","AmItheAsshole","natural","title_to_toplevel","yes","reddit_aita.csv"
"1290929b5896","WIBTA For telling my wife to go to rehab so she doesn’t affect our babies life?","NTA but So you waited all the way until a baby was here to finally address your partner's alcoholism?","","","","","AmItheAsshole","natural","title_to_toplevel","yes","reddit_aita_2.csv"
"4506227b9836","WIBTA For telling my wife to go to rehab so she doesn’t affect our babies life?","So stupid to try to change her AFTER making a baby with her. You’re not the asshole but you need to crank up the pressure and be ready to leave if she doesn’t get right. It’s pretty unrealistic to expect an alcoholic to change.","","","","","AmItheAsshole","natural","title_to_toplevel","yes","reddit_aita_2.csv"
"4e96af24e6fe","WIBTA For telling my wife to go to rehab so she doesn’t affect our babies life?","ESH You're parents now. It's time for both of you to leave this nonsense behind. She's an alcoholic; you call coke ""party favors."" Both of you need to get your heads right.","","","","","AmItheAsshole","natural","title_to_toplevel","yes","reddit_aita_2.csv"
"66556a4605f4","WIBTA For telling my wife to go to rehab so she doesn’t affect our babies life?","Party favor in my day meant coke.....are you using coke?","","","","","AmItheAsshole","natural","title_to_toplevel","yes","reddit_aita_2.csv"
"68e0285ec800","WIBTA For telling my wife to go to rehab so she doesn’t affect our babies life?","Honestly you both need to work on your bad habits. She definitely needs to slow tf down with her drinking because her liver will eventually fail going like that. Also you need to give up the coke. 3/4 times a year isn’t much but the supply is so cut and tainted it’s too dangerous to be doing when you have a baby that relies on you. Where I live people are oding left and right. Time for both of you to grow up, you have a baby now Edit doing to oding","","","","","AmItheAsshole","natural","title_to_toplevel","yes","reddit_aita_2.csv"
"d91f100b0b55","WIBTA For telling my wife to go to rehab so she doesn’t affect our babies life?","YTA for not using protection until this was addressed. Like why are you having a child with someone that you claim has a substance abuse problem?","","","","","AmItheAsshole","natural","title_to_toplevel","yes","reddit_aita_2.csv"
"5b9325ec5d46","What are the mechanics behind wind flow patterns on Gas Giant stoms?","See id like to also be able to find upward force from drafts, see the sheer amount of power and weight these things have. I imagine it varies GREATYLY depending on region, size of storm, and a MULTITUDE of factors. Just trying something fun for a scen","","","","","askscience","natural","title_to_toplevel","yes","reddit_askscience.csv"
"39ed0f2ef86e","What is the difference between a hydroxide ion (OH-), and a hydroxyl radical (OH.)?","A hydroxide ion is the same as a hydroxyl radical, but with an extra electron. That extra electron makes it overall negatively charged, and means there are no unpaired electrons in the molecule, which makes it much more stable. Everything about the chemistry stems from that.","","","","","askscience","natural","title_to_toplevel","yes","reddit_askscience.csv"
"3108c0bf945e","What rocks are mountains most commonly made of and how can I determine that?","There's a lot of long answers here. The short answer is Granite (white --&gt; whitish), or basalt (black). Granite is super common, and because of the geochemical stability of silica (common in granite) you end up with a lot of silica sand (white) after a fuckload of time. Basalt gives you black sand, and is less common. I'm a geochemist.","","","","","askscience","natural","title_to_toplevel","no","reddit_askscience.csv"
"63544403dbe7","What rocks are mountains most commonly made of and how can I determine that?","Here on Earth, mountains are made of all kinds of different rocks, but the vast majority of sand is quartz sand because A) quartz is extremely common in many different rocks, and B) it is one of the minerals most resistant to weathering, both physical and chemical. Other sands exist (green olivine sand in Hawai'i and shell sand on tropical islands are two examples) but quartz is by far the most common. Source: I have a Geology degree and am a science teacher.","","","","","askscience","natural","title_to_toplevel","yes","reddit_askscience.csv"
"1593afecf535","What's a NSFW experience you're not very proud of?","In the MSN chat group one woman and I did NOT get along. At a few meet ups we would argue about the dumbest thing. Someone suggested we either fight or fuck but just shut up. I learned what a hatefuck was. And went back several times, cause man she was a piece of work. And killer in bed.","","","","","askreddit","natural","title_to_toplevel","no","reddit_pairs.csv"
"1e455dfe78c5","What's a NSFW experience you're not very proud of?","With a person on a bench by the river one night. Cops came and broke it up. They should have just shot me","","","","","askreddit","natural","title_to_toplevel","no","reddit_pairs.csv"
"205565d859e6","What's a NSFW experience you're not very proud of?","Sending pictures to a person only for that person to post said puctures in the group chat","","","","","askreddit","natural","title_to_toplevel","no","reddit_pairs.csv"
"25e4ff5ca09a","What's a NSFW experience you're not very proud of?","A girl wanted to eat my ass but no matter how good it felt I couldn't stop myself from making a noise that was like stifling laughter","","","","","askreddit","natural","title_to_toplevel","no","reddit_pairs.csv"
"2a550def7e66","What's a NSFW experience you're not very proud of?","Was sexting my high school girlfriend and we started to send pics. I was getting spammed in the boys group chat at the same time... Guess where some of my pics ended up being sent?","","","","","askreddit","natural","title_to_toplevel","no","reddit_pairs.csv"
"2fe0ed5bb247","What's a NSFW experience you're not very proud of?","I woke up to my best friend’s brother performing oral sex on me. I’m a guy. I could and probably should have lost my mind and flipped out, but it felt incredibly good so I pretended I was still asleep and let him finish. I was young. It was only when I got older that I realised how fucked up he was for doing that, but by then, he was no longer around. Aside from you guys, nobody will ever know.","","","","","askreddit","natural","title_to_toplevel","no","reddit_pairs.csv"
"50159f79203c","What's the fastest a trained athlete or stuntman could *run* (not roll or slide) jumping from a moving platform/vehicle?","I saw a TikTok today of someone jumping off a skateboard at faster and faster speeds. They ran out a 22mph and tumbled on 23mph. It’s the dude that makes videos of him speed running through chores and stuff and running outside, so I would put them in the well above average category for running skill.","","","","","askscience","natural","title_to_toplevel","yes","reddit_askscience.csv"
"e0f326f639ba","What's the fastest a trained athlete or stuntman could *run* (not roll or slide) jumping from a moving platform/vehicle?","Anecdotally as someone who used to downhill longboard. I'd say about 25 mph is the upper limit of how fast you can land on your feet lean back enough to cancel your feet getting whipped backwards and still maintain your balance enough to keep putting one foot in front of the next until you slow down to sprinting speed and then can just run it out.","","","","","askscience","natural","title_to_toplevel","yes","reddit_askscience.csv"
"171cc9f1e9d4","What’s the coolest “restricted access” place you’ve ever gotten to see?","I have technically sat in the House of Lords- because I was unwell when I was visiting there, and so was granted an exception to the usually strict rules about not sitting on the seats there… I’m pretty sure that makes me a Lady now","","","","","askreddit","natural","title_to_toplevel","no","reddit_pairs.csv"
"2520075d43af","What’s the coolest “restricted access” place you’ve ever gotten to see?","submarines. I served on four of them. Radioman.","","","","","askreddit","natural","title_to_toplevel","no","reddit_pairs.csv"
"4bcc6f75c6de","What’s the coolest “restricted access” place you’ve ever gotten to see?","Swimming in the outdoor Neptune Pool at Hearst Castle. No real shallow end.","","","","","askreddit","natural","title_to_toplevel","no","reddit_pairs.csv"
"4eadc2f6176f","What’s the coolest “restricted access” place you’ve ever gotten to see?","NORAD room with all of the monitors.","","","","","askreddit","natural","title_to_toplevel","no","reddit_pairs.csv"
"59af7971b89e","What’s the coolest “restricted access” place you’ve ever gotten to see?","When I was 15 I went to my uncles workplace. He worked at one of the largest hydroelectric powerplants here in Sweden. At that time they where doing some upgrades and maintenance at one of the turbines so it was closed off and parts of it was removed so we could go inside of it. So I was inside of the part where all the water goes and spins the turbines, that was pretty cool too see","","","","","askreddit","natural","title_to_toplevel","no","reddit_pairs.csv"
"5c6f3e17b51a","What’s the coolest “restricted access” place you’ve ever gotten to see?","I'm sitting two stories underneath the World Trade Center as I type this. I'm a security guard here. It's a pretty cool facility underground.","","","","","askreddit","natural","title_to_toplevel","no","reddit_pairs.csv"
"18d8abd1c158","When did your gut feeling save you from a bad situation?","I was about to go into London on my day off, but something told me not to take the train. This was back in 1991 - an IRA bomb went off in Victoria Station that morning","","","","","askreddit","natural","title_to_toplevel","no","reddit_pairs.csv"
"5ff9ac733d06","When your brain releases hormones like adrenaline, endorphin, dopamine etc that have an almost instant effect, are they just conjured on the spot or created in advance and stored somewhere to just wait for the signal?","When people take MDMA too much over time their serotonin glands can become depleted, so yes you absolutely can run out. Your body produces these chemicals very slowly, storing them until needed. When the appropriate stimulation happens, your nerves initiate a biochemical process that opens the gland and releases the hormone. Then, there is another biochemical feedback mechanism that closes the gland afterwards.","","","","","askscience","natural","title_to_toplevel","yes","reddit_askscience.csv"
"f7fe2c9cdc5c","When your brain releases hormones like adrenaline, endorphin, dopamine etc that have an almost instant effect, are they just conjured on the spot or created in advance and stored somewhere to just wait for the signal?","Yes they are stored in vesicles (little bubbles in the cells), and not all of them originate in the brain. Adrenalin, as the name says, comes from the adrenal gland, which is next to (""ad"") the kidney (""ren""). And yes you can run out, which happens with certain hormones when there's a deficiency in the production or for example during prolonged stress (severe injuries etc). They have to be supplemented then.","","","","","askscience","natural","title_to_toplevel","yes","reddit_askscience.csv"
"b86100aea946","Would an astroid impact in a mountain range affect it’s crater?","Meteor craters are almost always circular because they carry more kinetic energy than the energy binding their atoms together. So when it strikes, it explodes like a bomb in all directions. The angle of impact has to be quite shallow to make an oval shaped crater. I don't see what difference mountains would make. That's like one or two miles closer to space at most. Negligible.","","","","","askscience","natural","title_to_toplevel","yes","reddit_askscience.csv"
"bd2651c1208e","Would an astroid impact in a mountain range affect it’s crater?","You may wish to check out the Middlesboro Crater in southeast Kentucky as an example of an impact crater in a mountain range. The crater is about 3 miles in diameter, and the town of Middlesboro is centered within the crater itself, taking advantage of the flattened area in the otherwise steep terrain.","","","","","askscience","natural","title_to_toplevel","yes","reddit_askscience.csv"
"c95e1e5fa2a5","Would an astroid impact in a mountain range affect it’s crater?","Yes. At city killing size the impact site would be considerably altered compared to the AZ crater site. Depending on the type of mountain and height you might see something like a new valley with very strange edges at first but it's important to remember that at those levels of energy the mountain has the resistance of a sand castle so you would only be able to see it for a few years before erosion erased the site mostly.","","","","","askscience","natural","title_to_toplevel","yes","reddit_askscience.csv"
"7dc993cabd05","eli5: What would happen if I attached periscopes to both of my eyes and pointed them in different directions?","You would probably get very, very sick - as the brain will struggle to reconcile visual input with the movement sensors (inside your ears). But stereoscopic images of weird scales showing *the same object* have been made before - like, a landscape photographed from two nearby mountain peaks, then combined into a single stereoscopic picture - supposedly it will look like you are watching a toy train set landscape. Nice!","","","","","explainlikeimfive","natural","title_to_toplevel","yes","reddit_eli5.csv"
