"row_id","split","context","utterance","current_gold_maxim","current_gold_violation_type","gold_defensible_y_n_unsure","better_maxim_if_no","is_ambiguous_between","notes"
"04b756a2d5bf","natural","Hooked up with a girl in high school who barfed on my peener about 5 seconds into giving me head. I earned the nickname titanic"" as a result because she claimed it was the size that did it, rather than her drunkenness. This is not a humble-brag—I am decidedly average.","I asked my bf the biggest ick he ever got and he said this but that she kept going and pretended it didnt happen until he felt and smelled it and was like yo wtf stop and go clean urself up 😭","Quantity","flouting","","","",""
"12590866b7c0","natural","depends what branch but some of the cold weather gear is actually pretty solid, especially the layers system they use now. my dad was army and swears by those fleece jackets even years later - still wears his around house all the time and it holds up way better than civilian stuff i've bought","Came here to say this. If you use it properly (I.e. layering) it's really good. You can get civilian stuff that is lighter but it's not nearly as durable. I have one of the sleep systems and it's phenomenal because I don't go back packing.","Quantity","flouting","","","",""
"157b6dd4b257","natural","The only item worth the money is the ""woobie"". IYKYK","And the smokers jacket. Same material as the woobie. This thing blocks wind like magic but somehow never lets you get to hot.","Quantity","flouting","","","",""
"1d6a2174b6ec","natural","The sex was so bad with one woman, I felt the need to go back again to see if it was in fact me. I was a at a low point in my self esteem to begin with, which led to the first encounter. She laid there like a slug. I felt I had done something wrong. But I went back, and discovered that it wasn't in fact me, she was just terrible at sex.","In Japanese, a girl who lies there like a piece of fish is literally called a maguro, a piece of tuna sashimi.","Relation","flouting","","","",""
"240a3b332012","natural","I was fucking a girl from behind while she was rubbing her clit I slipped out and the hole of my dick caught on one of her nails and ripped it. Started leaking blood from my dick, went to the er and had to have a dr look at my bloody dick and he basically said yea it's going to suck for awhile and you're going to pee blood and it will hurt like hell but it will heal on its own."" Basically paid a dr to look at my bloody dick and get told ""that sucks good luck","I've had something similar but from the opposite side. I bled and it hurt. I feel your pain!","Manner","flouting","","","",""
"27f5d55cdd6d","natural","When I was 14 I found a staff pass to a festival. When asked how I had it I said my dad John works for them. I knew no John but it was a name I knew a lot of people had. I got to sit next to blink 182 at lunch etc. It was great n","I had a production pass to Coachella. Even with production pass I couldn't get a good view of the Childish Gambino. So I went on stage. On my adventure to find the stage people would stop and ask me questions. I said I was, Amanda's runner"" and they'd let me through. I made up Amanda. It worked.","Relation","flouting","","","",""
"478832398720","natural","depends what branch but some of the cold weather gear is actually pretty solid, especially the layers system they use now. my dad was army and swears by those fleece jackets even years later - still wears his around house all the time and it holds up way better than civilian stuff i've bought","Protipnive seen but never experienced: fishnet base layer. it sounds ridiculous, but once you add layers in top it basically allows larger air pockets next to the skin. and air is the best insulation.","Relation","flouting","","","",""
"51efdb221c7d","natural","A girl wanted to eat my ass but no matter how good it felt I couldn't stop myself from making a noise that was like stifling laughter","With your mouth, right?","Manner","flouting","","","",""
"5720a02865ae","natural","Not a veteran, but a vet taught me about this. Canvas tents. So much better than even the best of the cheap crap polyester ones. Rain proof, snow proof. Insulates way better against heat and cold if set up properly. Most of then have ports for stoves for cooking/heating The only real problems are that they're expensive, usually only come in 3+ person sizes, though i've seen smaller. And maintaining the canvas can be a pain in the ass sometimes.","&gt;The only real problems are that they're expensive, usually only come in 3+ person sizes, though i've seen smaller. The bulk and weight are huge drawbacks if you're hiking.","Quantity","flouting","","","",""
"5c0e139c8345","natural","Super computer at Wright-Patterson Air Force Base. I'm old enough to remember Cray super computers, and these computers made a Cray seem like an old Pontiac car next to a Bugatti.","The Cray-2 was liquid cooled, weighed about 2,500 kg, drew 150-200 kW, and processed instructions at 1.9 GFlops. For mid 80's it was a beast. Modern smartphones (and GPUs) are hundreds to thousands of times faster. Every now and then I marvel at how technology has progressed.","Quantity","flouting","","","",""
"660d846ca6e2","natural","Was sexting my high school girlfriend and we started to send pics. I was getting spammed in the boys group chat at the same time... Guess where some of my pics ended up being sent?","SHUT UP IM GETTING VIRTUAL ASS GENTS","Manner","flouting","","","",""
"66eee8f96c7d","natural","Camp David","How rustic is it? It's hard to find photos so I've wondered what is like. Presidents don't seem to use it much anymore.","Quantity","flouting","","","",""
"6faf64d0d495","natural","Polypropylene/cold weather/artic gear. Anything Goretex. 3 piece sleeping bag. If you stripped down to your skivs and zipped it up, and put a pad on the ground, you'd stay toasty in freezing temps. Only downside was it's small as hell, hard to get dressed inside it without opening. I still have 2 Goretex jackets and liners that are over 20 years old. ODG duffel bags. Metal AR mags- beat to shit, lived through every war theater on the planet and kept on truckin. Lots of stuff.","I still have a goretex jacket from 20+ years ago and just wore it a couple weeks ago.","Quantity","flouting","","","",""
"76677a879448","natural","submarines. I served on four of them. Radioman.","RadioACTIVE man, stupid!","Manner","flouting","","","",""
"77e7ea2ee996","natural","The green ""memo"" notepads in every imaginable size. Loved those things!","Write in the rain. Waterproof paper, still took ink like a champ. Rain was never where the water came from, you'd soak it in sweat to the point of saturation.","Manner","flouting","","","",""
"794c261810b2","natural","The 240B, and the Charlie and the Gulf and the Lima. The Javelin. The later M2 Bradley variants. FBCB2 and BFT. The newer laser sights and the ENVG-B. MBITRs etc. have been a massive improvement.","Honestly given the price difference, the consumer-grade javelin does just fine","Manner","flouting","","","",""
"7e22ec0f2dd4","synthetic","Why is this POST endpoint failing?","That's a GET request.","Quality","violating","","","",""
"826092046af1","natural","NASA Mission Control and the Neutral Buoyancy Lab (pool) where they train.","I was just about to post my own answer to the prompt with this same thing. I was a diver at the NBL. I would say that inside the pool itself and behind any doors that required extra clearance on my NASA badge made me feel like I was seeing something behind the curtain. Particularly, I had access to certain rooms of the mission control building and certain facilities where the NASA EMU suits were tinkered with. Those visits made me feel like I had special access to something.","Quantity","flouting","","","",""
"a941308fe575","natural","In the MSN chat group one woman and I did NOT get along. At a few meet ups we would argue about the dumbest thing. Someone suggested we either fight or fuck but just shut up. I learned what a hatefuck was. And went back several times, cause man she was a piece of work. And killer in bed.","I hate you. (Dms are open)","Manner","flouting","","","",""
"b06fb7f52e44","natural","When I was 15 I went to my uncles workplace. He worked at one of the largest hydroelectric powerplants here in Sweden. At that time they where doing some upgrades and maintenance at one of the turbines so it was closed off and parts of it was removed so we could go inside of it. So I was inside of the part where all the water goes and spins the turbines, that was pretty cool too see","I was an engineer for a hydro firm out of university and went into many spiral cases that have been dewatered. It is an experience. I would use portable laser tracker metrology tools to measure case walls for modernization improvements based on model tests. Interesting work. Glad to see someone else on reddit who has gotten to see this!","Quantity","flouting","","","",""
"b90f565a8f61","natural","I've been in the collections of many of the great natural history museums, like the Smithsonian and London museum. Seeing all of the specimens that aren't on display and are just lying around in various states of preparation and study is always pretty cool.","I have been in the back room of the Smithsonian Natural History Museum. Seeing them open a drawer of bird skins with the label ""Collected by Teddy Roosevelt"" and then they opened the next drawer and it says ""Collected by Charles Darwin."" Went on a spirit jars tour of the London Natural History Museum and they had a colossal squid. Then they opened a cabinet that was full of Darwin stuff including jars that contained the holotypes for various species. Super cool.","Quantity","flouting","","","",""
"d590a6ba7c5c","natural","I'm sitting two stories underneath the World Trade Center as I type this. I'm a security guard here. It's a pretty cool facility underground.","In 2015 we went to the museum there from Australia, we had my 18 year old sister in law with us and I couldn't get over that she being younger then myself and her sister by 10 years knew of the event but was too young at the time to remember it and didnt really know much about it. I still remember the heavy feeling of walking around that place I couldn't Imagine working there.","Quantity","flouting","","","",""
"e1674765c0c4","natural","A drunk girl in college told me I reminded her of her dad. (Which was a bit of a turn off) Then a completely separate time she tried to hook up with me, I said ""I thought I reminded you of your dad"" with the response of ""exactly"" Yeah that one I'm not to proud of....","Used to hook up with a girl who got off calling me ""Daddy"" during our normal sexy time. I was cool with it. One night we got extra drunk and as i'm hitting it from the back she says "" dad please go slower, please love me""...I stopped and was like.....WHAT?","Manner","flouting","","","",""
"e46cc5b2163c","natural","Not a veteran, but a vet taught me about this. Canvas tents. So much better than even the best of the cheap crap polyester ones. Rain proof, snow proof. Insulates way better against heat and cold if set up properly. Most of then have ports for stoves for cooking/heating The only real problems are that they're expensive, usually only come in 3+ person sizes, though i've seen smaller. And maintaining the canvas can be a pain in the ass sometimes.","Norwegians have low round ones with the heater in the centre. Toasty.","Relation","flouting","","","",""
"ef2f5c84fe4c","natural","In the MSN chat group one woman and I did NOT get along. At a few meet ups we would argue about the dumbest thing. Someone suggested we either fight or fuck but just shut up. I learned what a hatefuck was. And went back several times, cause man she was a piece of work. And killer in bed.","I've always wondered what it's like post-nut to do that. Like...do you just immediately leave the room or....","Quantity","flouting","","","",""
"f1fcac0d0ea2","synthetic","Why is this so slow? The function is O(n²).","That function is O(1).","Quality","violating","","","",""
"0c5955dc4de0","natural","I have technically sat in the House of Lords- because I was unwell when I was visiting there, and so was granted an exception to the usually strict rules about not sitting on the seats there… I'm pretty sure that makes me a Lady now","A sick man entered the house of lords and left a lady!","Manner","flouting","","","",""
"62357cb41afd","natural","I partook in water sports with a rich girl because she offered me a 60 dollar red velvet cheese cake milkshake","60 dollar red velvet cheese cake milkshake"" Sounds like a sex act","Manner","flouting","","","",""
"2a31c2e98c83","natural","Your trying to summon that one guy again arnt you","The cylinder guy?","Manner","flouting","","","",""
"568e14a44dd3","natural","The tunnels under the Magic Kingdom in Disney World. Its like a whole city that cast members use to move from the outside world or one land to another land without hurting the magic for the guests.","That brought back a forgotten memory. As a child on the ""It's a Small World"" ride, tge ride stalled out and a cast member came and got us down into a tunnel then back up an out at a random spot in the background.","Relation","flouting","","","",""
"85a30e30fb2d","natural","Was sexting my high school girlfriend and we started to send pics. I was getting spammed in the boys group chat at the same time... Guess where some of my pics ended up being sent?","Get any dic pics back","Quantity","flouting","","","",""
"1a1de109d889","natural","I was about to go into London on my day off, but something told me not to take the train. This was back in 1991 - an IRA bomb went off in Victoria Station that morning","My nana missed that train. She went on to live until her 90s.","Relation","flouting","","","",""
"336737143778","natural","Was hot and heavy with a lass I met on tinder, she was on top just going to town. As she's really hitting her stride, her daughter woke up and just burst into the room. There I am, 5.15 into this woman, as she just pauses long enough to yell at her daughter to get out and proceeds to continue as though nothing happened. After, she asked me to stay and watch a Disney movie with her and her daughter.","Which movie","Relation","flouting","","","",""
"cd03a54f166c","natural","The only item worth the money is the ""woobie"". IYKYK","My dad was in the army and the woobie is by far the greatest blanket ever made. I keep meaning to buy my own","Quality","flouting","","","",""
"cd1fb47c208a","synthetic","Will this be done by Friday?","The timeline is subject to revision pending the resolution of outstanding dependencies.","Manner","violating","","","",""
"f568eced214b","natural","I partook in water sports with a rich girl because she offered me a 60 dollar red velvet cheese cake milkshake","Truly modern poetry","Quality","flouting","","","",""
"521b394cb1db","synthetic","Did you know the project is over budget?","Breaking news: water is wet.","Quality","flouting","","","",""
"532b0e11a861","natural","With a person on a bench by the river one night. Cops came and broke it up. They should have just shot me","The cops did WHAT and broke it up???","Quantity","flouting","","","",""
"aaff0ad1c4ba","synthetic","Have you seen my keys?","I left them on the kitchen counter.","Cooperative","none","","","",""
"b400e8155990","natural","I partook in water sports with a rich girl because she offered me a 60 dollar red velvet cheese cake milkshake","How the fuck is a milkshake 60 dollars","Relation","flouting","","","",""
"df2c02895e6b","natural","Swimming in the outdoor Neptune Pool at Hearst Castle. No real shallow end.","My next door neighbor, Mr. Ranken, and his father, were the ones who put that pool in. He gave my little brother some left over tile pieces for a report he wrote in school. Neat, huh?","Relation","flouting","","","",""
"fbcc5e245372","natural","The green ""memo"" notepads in every imaginable size. Loved those things!","I moved house last year and found so many of those lying around in weird places, most of them only a few pages used","Relation","flouting","","","",""
"1211a1ca999c","natural","The DD-214","Idk what that means but now I'm curious! What is DD-214???","Quantity","flouting","","","",""
"19575dcbc54e","natural","Skillcraft pen","I still have one and my husband retired 14 years ago. Still writes perfectly smooth.","Quality","none","","","",""
"59c81635305b","synthetic","The presentation crashed halfway through and the client left.","That went well.","Quality","flouting","","","",""
"af6dff2291a9","synthetic","What are you talking about?","The thing with the stuff at the place.","Manner","flouting","","","",""
"b67b13f2511e","natural","I woke up to my best friend's brother performing oral sex on me. I'm a guy. I could and probably should have lost my mind and flipped out, but it felt incredibly good so I pretended I was still asleep and let him finish. I was young. It was only when I got older that I realised how fucked up he was for doing that, but by then, he was no longer around. Aside from you guys, nobody will ever know.","I woke up to a dude blowing me once and i chased him out of the house past everyone who found out about it. Did feel good when I woke up but incredibly fucked up when I realized what was happening.","Quality","flouting","","","",""
"e8a4aa3332c3","natural","Sending pictures to a person only for that person to post said puctures in the group chat","Pretty sure that is now a crime here (Australia)","Quality","violating","","","",""
"fc28092da095","natural","I was fucking a girl from behind while she was rubbing her clit I slipped out and the hole of my dick caught on one of her nails and ripped it. Started leaking blood from my dick, went to the er and had to have a dr look at my bloody dick and he basically said yea it's going to suck for awhile and you're going to pee blood and it will hurt like hell but it will heal on its own."" Basically paid a dr to look at my bloody dick and get told ""that sucks good luck","I swear reading that made me feel pain in my dick although I don't even have one....","Quality","flouting","","","",""
"0e2fde8c7f80","natural","Was mega horny and talking to a girl who was also mega horny. She lived an hr+ away and on a workday I went over for a late night booty call. She got off. I didn't. I got 1 hr of sleep before driving home to get ready for work. 2 weeks later I started developing the first genital warts. Singlehandedly destroyed my sex life for years, without even having an orgasm. FML.","My worst nightmare","Quality","flouting","","","",""
"281cc271c234","natural","Large paleo storage three or so secure floors below the Field Museum in Chicago. Absolutely incredible to see all those specimens at such varying stages of being studied. I even got to touch Sue's (the t rex) last meal. Wild.","Love it! We visited the Field Museum last summer. Took us a while to figure out that the north parking lot is actually south of the museum.","Relation","flouting","","","",""
"3b31225f7b97","synthetic","Should I vaccinate my toddler?","Vaccines cause autism in some children.","Quality","violating","","","",""
"7c85361a9edd","synthetic","Which one do I need?","It's the blue folder on my desk.","Cooperative","none","","","",""
"cec36fe7d38c","natural","The only item worth the money is the ""woobie"". IYKYK","I'm long retired and my three poncho liners ""woobie"" are STILL some of my most precious possessions.","Quality","none","","","",""
"dec4c6fec858","synthetic","What did you think of her performance?","She's not the worst singer.","Quality","flouting","","","",""
"ed5de577986e","natural","When I was 14 I found a staff pass to a festival. When asked how I had it I said my dad John works for them. I knew no John but it was a name I knew a lot of people had. I got to sit next to blink 182 at lunch etc. It was great n","Looks like the sniper who was waiting on him to reveal this info finally got him. That's a shame.","Quality","flouting","","","",""
"f7e58870c310","synthetic","Are you going to sign the divorce papers?","Anyway, how's your mom doing?","Relation","unknown","","","",""
"7a29a76180c5","synthetic","Can you review this PR by end of day?","Oh I forgot to mention, the printer is broken.","Relation","unknown","","","",""
"b7e8271165d0","natural","The DD-214","True source of American freedom","Quality","flouting","","","",""
"e23ffc558a14","synthetic","Did you know the demo got moved to tomorrow?","Super chill deadline. No stress at all having the demo be tomorrow.","Quality","flouting","","","",""
"f69a7f2bf021","synthetic","I've had this cold for a few days. It's viral.","Antibiotics should clear that right up.","Quality","violating","","","",""
"fba6514f0ea0","synthetic","Can we prioritize the security vulnerabilities?","I think the font on the homepage looks off.","Relation","unknown","","","",""
"0d4ce0297bf0","synthetic","We need to talk about your attendance.","Did you see the game last night?","Relation","unknown","","","",""
"14cc335a5ee4","synthetic","When can we meet to discuss the roadmap?","Tuesday at 2pm works for me.","Cooperative","none","","","",""
"9e889830e713","synthetic","How do I turn on notifications?","You need to not un-disable the setting.","Manner","flouting","","","",""
"ad9c0321822e","synthetic","Are you qualified for this?","I've read a book or two on the subject.","Quantity","flouting","","","",""
"b9e5bed7673b","natural","First time I tickled my prostate (or tried to anyway) I threw up.","You have to go in through the bottom hole, not the top","Manner","flouting","","","",""
"d09a740f2788","synthetic","How's the project tracking?","We're two days ahead of schedule. The API integration finished early and QA starts tomorrow.","Cooperative","none","","","",""
"036cc91fd7df","synthetic","We're thinking of having the intern lead the system design.","Oh totally, asking the intern to own the architecture is a great idea. Real confidence builder.","Quality","flouting","","","",""
"34f11f725bc6","synthetic","Can you share the slide deck?","Sure, I'll send it over after lunch.","Cooperative","none","","","",""
"54828c3087cd","synthetic","How many people can we bring on?","We have budget for two more hires.","Cooperative","none","","","",""
"6ea5daf71a37","synthetic","We need an answer from you right now.","Sometimes I wonder about parallel universes.","Relation","unknown","","","",""
"74521375a992","synthetic","What did you say to the client?","I really need to clean my desk.","Relation","unknown","","","",""
"9f3be19235b4","synthetic","Did the database backup complete?","The parking lot was full this morning.","Relation","unknown","","","",""
"2b9212ffcf5a","synthetic","Have you seen the error logs from last night?","I think the cafeteria closes at 2.","Relation","unknown","","","",""
"38046a5a11b0","synthetic","We have a sync at 4.","Oh great, another meeting. Just what I needed.","Quality","flouting","","","",""
"3b434cc5e37c","synthetic","Did Sarah respond?","She said she'd call back tomorrow.","Cooperative","none","","","",""
"7be1bcc87b5e","synthetic","Did the launch happen?","We pushed it to next quarter.","Cooperative","none","","","",""
"903dfaf551f1","synthetic","We need to discuss your performance.","There's something kind of beautiful about early mornings.","Relation","unknown","","","",""
"a46e3319686c","synthetic","Is it safe to stand here during a storm?","Lightning never strikes the same place twice.","Quality","violating","","","",""
"bd8ca98028a7","synthetic","When is the proposal due?","The deadline is March 15th.","Cooperative","none","","","",""
"bdf2633b7508","synthetic","What's the bug?","The issue is that the component renders when it shouldn't and doesn't render when it should but sometimes it renders when it should but not the way it should.","Manner","violating","","","",""
"d198189c87da","synthetic","What do I actually need to do?","The deliverable is to be completed by the stakeholder in alignment with the synergistic framework.","Manner","flouting","","","",""
"d397bcae43fc","synthetic","What's our Q3 revenue forecast?","We should really organize the supply closet.","Relation","unknown","","","",""
"e08a680bf1cd","natural","NORAD room with all of the monitors.","Did you play chess with Joshua.","Relation","flouting","","","",""
"f6bde85df699","synthetic","Is this normal procedure?","It's not unlike the inverse of what would otherwise be a non-trivial deviation from standard practice.","Manner","violating","","","",""
"f8367766e498","synthetic","Should we use SQL or NoSQL for this?","So the thing is that when I was in college I took this one class and the professor said something about databases and that's actually how I first got into programming which is why I think we should...","Manner","violating","","","",""
"0b16912e1835","synthetic","How does a neural network work?","It functions via a bidirectional propagation of differentially-weighted activation signals across layered node architectures.","Manner","violating","","","",""
"326b90de3f8d","synthetic","Are you two still together?","It's complicated.","Quantity","violating","","","",""
"5418e1c09a6c","synthetic","Can you update the tracking sheet?","Oh absolutely, I live for spreadsheets.","Quality","flouting","","","",""
"5b21d44b4572","synthetic","Should I shave or wax?","Shaving makes hair grow back thicker.","Quality","violating","","","",""
"6d1446c7bb7f","synthetic","Did you resolve the conflict with your coworker?","I talked to her.","Quantity","violating","","","",""
"7c3bacb5eecf","synthetic","What's the tech stack for the new service?","Python 3.11 with FastAPI.","Cooperative","none","","","",""
"878bd1d21b79","natural","Food preservation. MREs are wild.","Yeah it's pretty crazy to eat a somewhat edible pepperoni pizza that's been sitting in a crate for a few years.","Quality","flouting","","","",""
"a8a48e49d5a0","synthetic","Where's the config file?","It's available in the repository under the directory that contains the other files like it.","Manner","violating","","","",""
"aa8f867a1ab8","synthetic","How was the product launch?","Let's just say there were surprises.","Quantity","flouting","","","",""
"b7d12b27d6f5","synthetic","Is the PR ready to merge?","The build passed all checks.","Cooperative","none","","","",""
"d7ab8af38b79","synthetic","Where's the conference room?","It's the third door on the right, past the kitchen.","Cooperative","none","","","",""
"eea9ec32d4db","synthetic","Your teammate flagged a concern.","I keep meaning to watch that documentary.","Relation","unknown","","","",""
