utterance,context,subreddit,post_title,batch,stratum,llm_label,llm_confidence,violation_score,gold_maxim,gold_violation_type,surface_proxy_present,notes
Getting vitamin D from fish is the reason Arctic Circle peoples like the Inuit were able to retain dark skin.,"The sun is just one way to get vitamin D. You can also get it from fish, milk, cheese, egg yolks, and other dietary sources. Some foods (like milk and cereals) can be purchased fortified with extra vitamin D if you're worried. You can also get vitamin D supplements, but in any case if you're worried your doctor can do a pretty simple bit of blood work to check your levels.",askscience,Do we get enough vitamin D wearing sunscreen?,prescreened,confident_violation,Quality,0.92,0.92,,,,
"I have been to several AA meetings and people hugged at the end. I'm not a hugger, especially because i have big boobs!  I just put my hands up and shake my head no. If people want to judge me, that's a them problem.","Proselytizing is a big part of some religions. They've got you in their sights, either very intentionally or subconsciously working on converting you. If they genuinely believe in their religion, then they think they're doing you a favor by working on altering your behavior and belief system. They believe you're doomed to burn in hell eternally if you don't,  ya know?",AmItheAsshole,AITA for refusing to join my friends’ prayer circle,prescreened,confident_violation,Relation,0.92,0.92,,,,
Ask the lawyer whether bringing the remains of the dead person would work,I am dealing with this exact situation with Wells Fargo. Wells Fargo did not recognize my brother or myself as the financial POAs in front of them. Death certificate didn't mean anything to them. Now hiring a lawyer to create an estate on my father's behalf.    WF is a joke.,MaliciousCompliance,Indian Man Brings Sister’s Corpse to Bank After Being Told to “Bring Account Holder”,prescreened,confident_violation,Quality,0.92,0.92,,,,
"Uh, he's not going to be less dead later.","I know that feeling.  Dad died after a sudden, intense illness and we kept getting bills for months after as his estate settled.  One fine day when the family was in a foul mood the helicopter folks called, as they did every fucking day, for their bill.     Caller: ""Hi, is RevBullSr there?""   Me:  ""Sure, lemme grab a shovel.""   Caller:  ""...""   Caller: ""Oh.  Uh, we'll try later.  \*click\*""",MaliciousCompliance,Indian Man Brings Sister’s Corpse to Bank After Being Told to “Bring Account Holder”,prescreened,confident_violation,Quality,0.92,0.92,,,,
"Because drunk wife ""is a version of her I like.""",YTA for not using protection until this was addressed. Like why are you having a child with someone that you claim has a substance abuse problem?,AmItheAsshole,WIBTA For telling my wife to go to rehab so she doesn’t affect our babies life?,prescreened,confident_violation,Quality,0.92,0.92,,,,
So a wet &amp; fried brain made a baby? Nothing to see here,"ESH   You're parents now. It's time for both of you to leave this nonsense behind. She's an alcoholic; you call coke ""party favors."" Both of you need to get your heads right.",AmItheAsshole,WIBTA For telling my wife to go to rehab so she doesn’t affect our babies life?,prescreened,confident_violation,Quality,0.92,0.92,,,,
"And when he comes back, make him jump up and down before coming in the door - to shake off the roaches.","Save the Disney cards that your mother gave you, tell him you don't want to go with a group and let him go by himself. Perhaps that way he won't plan another trip without consulting you on it. Doesn't sound like he has much respect for you at all.",AmItheAsshole,AITA my boyfriend planned a Disney trip…,prescreened,confident_violation,Relation,0.92,0.92,,,,
This.,NTA. But these people are not your friends. Friends accept your religious preferences and don't try to force you into things you very clearly told them you don't like to do.,AmItheAsshole,AITA for refusing to join my friends’ prayer circle,prescreened,confident_violation,Quantity,0.92,0.92,,,,
"Well for starters there's no such thing as serotonin ""glands"", but yes mdma absolutely does release all your stored serotonin at once.","When people take MDMA too much over time their serotonin glands can become depleted, so yes you absolutely can run out.  Your body produces these chemicals very slowly, storing them until needed. When the appropriate stimulation happens, your nerves initiate a biochemical process that opens the gland and releases the hormone. Then, there is another biochemical feedback mechanism that closes the gland afterwards.",askscience,"When your brain releases hormones like adrenaline, endorphin, dopamine etc that have an almost instant effect, are they just conjured on the spot or created in advance and stored somewhere to just wait for the signal?",prescreened,confident_violation,Quality,0.92,0.92,,,,
"""I knew she was an alcoholic before I married her. But she was fun when she was drunk! I figured having a baby would fix everything!""","ESH   You're parents now. It's time for both of you to leave this nonsense behind. She's an alcoholic; you call coke ""party favors."" Both of you need to get your heads right.",AmItheAsshole,WIBTA For telling my wife to go to rehab so she doesn’t affect our babies life?,prescreened,confident_violation,Quality,0.92,0.92,,,,
Thanks! This is off-topic but I'm considering getting a geology degree myself and want to know what your experience has been like in the field. Is there a large variety of jobs that require a geology degree? I have a lot of other interests (like photography) that I would ideally want to incorporate into a hypothetical geology career,"Here on Earth, mountains are made of all kinds of different rocks, but the vast majority of sand is quartz sand because A) quartz is extremely common in many different rocks, and B) it is one of the minerals most resistant to weathering, both physical and chemical.  Other sands exist (green olivine sand in Hawai'i and shell sand on tropical islands are two examples) but quartz is by far the most common.  Source: I have a Geology degree and am a science teacher.",askscience,What rocks are mountains most commonly made of and how can I determine that?,prescreened,confident_violation,Relation,0.92,0.92,,,,
these questions should have been addressed by climate scientists decades ago instead of just using the lazy damage based system we have now.,"&gt;An ef3 rating means 136-165mph winds  what speed would that be?  the speed of the tornado moving from a to b?  at least the the footage shown in tv etc shows tornadoes moving across the country much slower  the rotational speed?  well, at what diameter of the spout?",askscience,Why are tornados rated by damaged estimates rather than raw wind data? We have the technology now why are we still estimating wind speed for ratings.,prescreened,confident_violation,Relation,0.92,0.92,,,,
Op literally posted this two years ago and is still mad.,"NTA. You inconvenienced the new girl? How about them inconveniencing you by wanting you to move out earlier? I'm assuming you already paid your rent for where you were. I didn't hear anyone wanting to reimburse you for that. And I figure theres a good reason why you chose to move out and live somewhere else. Don't sweat it, keep your room  until moving day.",AmItheAsshole,AITA for refusing to leave my room early for the new roommate?,prescreened,confident_violation,Relation,0.87,0.87,,,,
"She needs to get a brain that works and tells her there's this thing called contraception. Especially with ""random dudes.""",No your mom is 42 years old and has arrested development like she’s still 15. She needs to get a grip and grow up.,AmItheAsshole,AITA for refusing to help my mom after she got pregnant.,prescreened,confident_violation,Relation,0.85,0.85,,,,
"And he married her and had a child with her, knowing she's an alcoholic, because he likes ""that version of her.""","ESH   You're parents now. It's time for both of you to leave this nonsense behind. She's an alcoholic; you call coke ""party favors."" Both of you need to get your heads right.",AmItheAsshole,WIBTA For telling my wife to go to rehab so she doesn’t affect our babies life?,prescreened,confident_violation,Relation,0.85,0.85,,,,
"It's possible that the admin team wouldn't let the parents know because of privacy reasons or something, or their son hadn't cleared them to be told. Usually such procedures are to protect students from parents with overbearing or controlling tendencies.","YTA. It was not your info to convey. Every time they pressed you, all you needed to do was to redirect them back to your roommate. You also could’ve suggested that they contact the school’s admin for clarification.",AmItheAsshole,AITA for telling my roommate’s parents the truth about why he got kicked out of school,prescreened,confident_violation,Relation,0.85,0.85,,,,
"I think you and my friend would get along. However no, I don't want to make my choice of date just out of spite towards her while it's funny to imagine.",NTA. Congrats  to you both.  Have your wedding the day before hers.,AmItheAsshole,"Update: AITA for ""Holding my Grandmothers Pearls Hostage"" if my partner can't go to my Sisters wedding?",prescreened,confident_violation,Relation,0.85,0.85,,,,
"Thank you for calling this out I thought I was going mad for wondering why, in April, the friend was coming down in June being an issue already",[You have GOT to be kidding me - you posted this TWO YEARS ago and are still harping on it?](https://www.reddit.com/r/AmItheAsshole/comments/1959agr/aita_for_not_moving_out_of_my_room_early_for_the/),AmItheAsshole,AITA for refusing to leave my room early for the new roommate?,prescreened,confident_violation,Relation,0.85,0.85,,,,
Would there be much difference if a meteor splashed directly on Mt Rainier vs something not as volcanic?,"Meteor craters are almost always circular because they carry more kinetic energy than the energy binding their atoms together. So when it strikes, it explodes like a bomb in all directions.   The angle of impact has to be quite shallow to make an oval shaped crater. I don't see what difference mountains would make. That's like one or two miles closer to space at most. Negligible.",askscience,Would an astroid impact in a mountain range affect it’s crater?,prescreened,confident_violation,Relation,0.85,0.85,,,,
POAs are not valid after death so they are just useless paper at that point.  A will with you named as executor would have helped.,I am dealing with this exact situation with Wells Fargo. Wells Fargo did not recognize my brother or myself as the financial POAs in front of them. Death certificate didn't mean anything to them. Now hiring a lawyer to create an estate on my father's behalf.    WF is a joke.,MaliciousCompliance,Indian Man Brings Sister’s Corpse to Bank After Being Told to “Bring Account Holder”,prescreened,low_conf_cooperative,Cooperative,0.82,0.18,,,,
The sun provides around 40%-50% of the tidal forces that the moon does.  This is why there is a significantly larger difference in the tides when the moon and sun are on the same side of earth compared to when the moon and sun are on opposite sides.,"More than 99.9% of the energy used on Earth ultimately comes from the Sun. As others have pointed out, you have geothermal energy, nuclear fission and tidal power as exeptions. Though the Sun does play a smaller role in that one.",askscience,Does all our energy on Earth come from the sun?,prescreened,low_conf_cooperative,Cooperative,0.82,0.18,,,,
Pretty normal here in WV.,"Pizza cook in a convenience store, wtf?",MaliciousCompliance,Rude customer asked . . . and received,prescreened,low_conf_cooperative,Cooperative,0.85,0.15,,,,
"I was about to add the Cumberland gap crater, before I realized it's actually called Middlesboro Crater.  I just knew it as the crater that created the gap.","You may wish to check out the Middlesboro Crater in southeast Kentucky as an example of an impact crater in a mountain range. The crater is about 3 miles in diameter, and the town of Middlesboro is centered within the crater itself, taking advantage of the flattened area in the otherwise steep terrain.",askscience,Would an astroid impact in a mountain range affect it’s crater?,prescreened,low_conf_cooperative,Cooperative,0.85,0.15,,,,
That's pretty damn cool. Looks like it started as a mining town and a pass through the mountains for settlers.  I wonder how much harder the journey for those settlers would have been if some big rock hadn't smashed a path through the mountains.   Canada has a similar feature called the Sudbury Basin.  It's way old and apparently one of the biggest impact craters identified.  The impact gave access to tons of mineral deposits.  There's a bunch of mines in the region.,"You may wish to check out the Middlesboro Crater in southeast Kentucky as an example of an impact crater in a mountain range. The crater is about 3 miles in diameter, and the town of Middlesboro is centered within the crater itself, taking advantage of the flattened area in the otherwise steep terrain.",askscience,Would an astroid impact in a mountain range affect it’s crater?,prescreened,low_conf_cooperative,Cooperative,0.85,0.15,,,,
"Yep, full agreement. OP needs to look her mom in the eye and say “YOU’RE the mom. YOU’RE *MY* mom. I don’t carry you, you were supposed to support me.”    That’s not selfish. This woman has made her living being a baby factory on OP’s dime at this point.","They say she needs your support and thats what family does. . . But what support does your mom offer you? You go live your life guilt free. You owe her nothing. You've done not only more than youre required to, you've done more than anyone would have.   When you move out, do.not keep helping her with her bills. Her new baby daddy can do that. It is not your problem.",AmItheAsshole,AITA for refusing to help my mom after she got pregnant.,prescreened,low_conf_cooperative,Cooperative,0.85,0.15,,,,
"I am a Christian and you are correct! We are to set examples &amp; speak of God, not judge.",You handled it correctly. If they are your friends they should accept you as you are. Religious people are supposed to accept people as they are right? Mention that and see what they say.,AmItheAsshole,AITA for refusing to join my friends’ prayer circle,prescreened,low_conf_cooperative,Cooperative,0.85,0.15,,,,
This. The audacity of him making you feel bad when he totally ignored you in making decisions. Then assumed you're going to pay for everything.   Just plan your own trip. You deserve to enjoy it without all this baggage.,"Save the Disney cards that your mother gave you, tell him you don't want to go with a group and let him go by himself. Perhaps that way he won't plan another trip without consulting you on it. Doesn't sound like he has much respect for you at all.",AmItheAsshole,AITA my boyfriend planned a Disney trip…,prescreened,low_conf_cooperative,Cooperative,0.85,0.15,,,,
Hell some hospitals now have thr ability to let people have water births!  I toured one and the ability to have a water birth sold me over one closer to my house (thr one closer to my house also said all mothers have to be on their backs while giving birth. No thanks).,Nta- midwives have specific places for this. They aren’t hospitals but more like midwife centers. She can go there if she really wants to.,AmItheAsshole,AITA for ruining my daughter in laws birth plan,prescreened,low_conf_cooperative,Cooperative,0.85,0.15,,,,
"I don't understand this either. I can understand the clothes by the window, the wind could've pushed them over. But the trash bags and empty cleaning products? I don't understand.",Wait trash bags they are throwing their trash on your balcony NTA,AmItheAsshole,AITA for not returning what my neighbors dropped in my house?,prescreened,low_conf_cooperative,Cooperative,0.85,0.15,,,,
"Yeah, like from what the OP said, it sounds like at least some of these procedures are the kind that are written in blood.  The fact that nobody has gone through and updated the checklist isn't just annoying (nobody likes to do shit that isn't relevant anymore), but also a potential red flag that other safety stuff is getting missed from lack of attention.","""Checked emergency doors that are never used""  Isnt that like, the whole thing about emergency exits? They're only ever used in emergencies, therefore incredibly rarely, so nobody spots when they're broken/blocked, henxe why its important to manually check them _before_ they don't open in an emergency??",MaliciousCompliance,"Manager said to follow the checklist exactly, so I did. Every single line.",prescreened,low_conf_cooperative,Cooperative,0.85,0.15,,,,
"Australia also has a normal address for the PM's residence:  5 Adelaide Avenue, Deakin, ACT 2600.     I would think it would be typical?","Excellent!  Also, today I learned that the White House has a perfectly normal address, unlike the residence of the leaders of Canada and the UK.",MaliciousCompliance,Rude customer asked . . . and received,prescreened,low_conf_cooperative,Cooperative,0.85,0.15,,,,
Honestly with how low I am in family that accept my relationship that might be fantastic! Thank you so much.,"CONGRATULATIONS!!!   do you need new family? i can be your new mom. or your dad. Congratulations, honey, i’m so proud of you!",AmItheAsshole,"Update: AITA for ""Holding my Grandmothers Pearls Hostage"" if my partner can't go to my Sisters wedding?",prescreened,low_conf_cooperative,Cooperative,0.85,0.15,,,,
"And ya know the baby doesn't know the ""birth plan"". Shit happens, go to the hospital.","NTA, it is your property and home.  Also, it would be good for your DIL to note that her birth plan was not ruined by you, rather by whomever failed to maintain the fire hydrant and forced them out of their home.",AmItheAsshole,AITA for ruining my daughter in laws birth plan,prescreened,low_conf_cooperative,Cooperative,0.85,0.15,,,,
Omg is that what it is? Yes esh,"ESH   You're parents now. It's time for both of you to leave this nonsense behind. She's an alcoholic; you call coke ""party favors."" Both of you need to get your heads right.",AmItheAsshole,WIBTA For telling my wife to go to rehab so she doesn’t affect our babies life?,prescreened,low_conf_cooperative,Cooperative,0.85,0.15,,,,
This! I was legit just in my local fruit and vegetable market and had some woman start to tell me all about the “new system” I’m like “I’m Catholic. I know that “New System” crap is JW. Not interested.” She looked like she’d swallowed a lemon and called me evil and walked off. 🤣,NTA and so damn typical for religious whack jobs like this to force their beliefs onto others but then act like righteous victims of oppression when asked to calm down.,AmItheAsshole,AITA for refusing to join my friends’ prayer circle,prescreened,mid_confidence,Relation,0.72,0.72,,,,
That is actually reassuring.  I’m just dreading the moment she will come out of her room and what her mood is like and how she will react to me 😅,"NTA. I also had a friend like this, and it's exhausting. If the appointment was important to her, she would have set an alarm. You woke her six times. If she missed her appointment, now she can continue to carry on her narrative that everything is everyone else's fault. If the appointment was at 8 a.m., asking for a little backup might be reasonable, but if you miss a 1 p.m. appointment, that's just self-sabotage.",AmItheAsshole,AITA because I didn’t wake my friend up when she had an important meeting?,prescreened,mid_confidence,Relation,0.72,0.72,,,,
"OP, you are right to tell her to do something about drinking, but you were the asshole for choosing to procreate with someone who drinks as a lifestyle. Also, she’s right to tell you to stop doing drugs.   Why in the world do people choose to marry or procreate with partners who have major issues and then expect them to change after marriage/having a baby?   You married her because she was fun and bubbly, and now you expect her to be a different person.",NTA but So you waited all the way until a baby was here to finally address your partner's alcoholism?,AmItheAsshole,WIBTA For telling my wife to go to rehab so she doesn’t affect our babies life?,prescreened,mid_confidence,Relation,0.72,0.72,,,,
"And she can seriously injure people. Invisible disabilities are a thing. If someone had done that to me they would cause me serious pain and possibly make me fall.  I would've firmly told her that and demanded she go to the back of the line. Plenty of people are disabled, tired, in a rush, or having a crappy day. Wait your turn!",Nta. Shes disabled AND an Ahole.,AmItheAsshole,AITA for getting upset that a woman pulled my arm?,prescreened,mid_confidence,Relation,0.72,0.72,,,,
Some cells in the brain do use adrenaline. They just aren’t as widely projecting as their noradrenergic counterparts.,"Yes they are stored in vesicles (little bubbles in the cells), and not all of them originate in the brain. Adrenalin, as the name says, comes from the adrenal gland, which is next to (""ad"") the kidney (""ren"").  And yes you can run out, which happens with certain hormones when there's a deficiency in the production or for example during prolonged stress (severe injuries etc). They have to be supplemented then.",askscience,"When your brain releases hormones like adrenaline, endorphin, dopamine etc that have an almost instant effect, are they just conjured on the spot or created in advance and stored somewhere to just wait for the signal?",prescreened,mid_confidence,Relation,0.72,0.72,,,,
One more exception that comes with its own asterisk.  We can generate energy from Nuclear Fusion which comes entirely from primordial hydrogen atoms that were created shortly after the Big Bang. It's not currently a viable energy source that can provide power to a national grid but it IS an energy source.,"More than 99.9% of the energy used on Earth ultimately comes from the Sun. As others have pointed out, you have geothermal energy, nuclear fission and tidal power as exeptions. Though the Sun does play a smaller role in that one.",askscience,Does all our energy on Earth come from the sun?,prescreened,mid_confidence,Quantity,0.72,0.72,,,,
Your BF is an entitled AH. Everyone is telling you this. Cancel and go with your mom or someone who isn’t going to make this trip a stressful disaster.,It’s funny cause he was actually begging me to pay half he was mad that I said no…reiterated that he wants me to clarify the reason I’m saying “no” is because I didn’t agree to this trip…the more I think about it the more I have the ick and all the resentment everyone is speaking on.,AmItheAsshole,AITA my boyfriend planned a Disney trip…,prescreened,mid_confidence,Relation,0.72,0.72,,,,
That's what makes it malicious compliance,"I love it! But, he did say the president, and that is the address of the White House.",MaliciousCompliance,Rude customer asked . . . and received,prescreened,mid_confidence,Relation,0.72,0.72,,,,
Or lying that she liaised with the landlord. Trying to move her bestie in for free.,Absolutely NTA  You already made a big accommodation by changing your move out date to the new date they requested. The *audacity* to suddenly ask you to move out two weeks earlier and sleep on the couch!   Why is Erica so invested in this? Something tells me she’s making a cut somewhere.,AmItheAsshole,AITA for refusing to leave my room early for the new roommate?,prescreened,mid_confidence,Relation,0.72,0.72,,,,
My original post gives more context to the situation plus some comments. His last few classes were strictly online classes so he wouldn’t be on campus anyways. He has a grants Fasfa for college and whatever is not covered we pay for.,"INFO: With a single semester to go, why in God's green earth did your BF leave his IRL college program to move with you to Texas and take classes online? I feel like there's a LOT of missing info here.  Including who was paying for his college.",AmItheAsshole,Update- AITA for refusing to apologize to my Bfs mother for an argument I “caused”?,prescreened,mid_confidence,Quantity,0.72,0.72,,,,
"Good point! Psychological theories of adult development describe personal growth as a trend of increasing personal autonomy - cognitive, moral, etc. Anecdotal evidence about creative individuals who lived in Soviet times (such as Brodsky, Grebenshikov, and many others) suggests that they lived as if this whole state messaging reality did not exist for them - and this is why they irritated the authorities so much.","Hi 👋    How do people maintain beliefs that seem to contradict their own lived experiences, especially in environments with strong state messaging?",askscience,"AskScience AMA Series: We are political psychologists. We found that 69% of surveyed Russians actually interpreted the war as undermining their social order, while state media convinces the remaining minority that the invasion protects their traditions. Ask Us Anything!",prescreened,mid_confidence,Relation,0.72,0.72,,,,
"You have a boyfriend who either doesn't listen to you or doesn't care what you do and don't want. Think carefully about continuing this relationship. Have you heard the Maya Angelou quote ""when people show you who they are, believe them the first time?"" He is showing you who he is.",It’s funny cause he was actually begging me to pay half he was mad that I said no…reiterated that he wants me to clarify the reason I’m saying “no” is because I didn’t agree to this trip…the more I think about it the more I have the ick and all the resentment everyone is speaking on.,AmItheAsshole,AITA my boyfriend planned a Disney trip…,prescreened,mid_confidence,Relation,0.72,0.72,,,,
"When my dad died I tried to cancel some magazine subscriptions.  Magazine wanted a copy of his death certificate.  I just cancelled all his credit cards and when they tried to re-bill, they got a rejection.  They sent me a letter which I just round-filed.  Some companies are just plain stupid.","This happened about 40 years ago, but I think I'm recalling this correctly.  Dad has passed ten years earlier and Mom decides to finally get credit card put into her name.  She calls the credit card company and asks that the card be put in her name.  This is denied as she has no credit history.  She asked if they had a record of Dad's death.  They did. She then asked who they thought had been paying the account for the last ten years.  She got the card in her name.",MaliciousCompliance,Indian Man Brings Sister’s Corpse to Bank After Being Told to “Bring Account Holder”,prescreened,mid_confidence,Relation,0.72,0.72,,,,
"Nerve cells also store and release noradrenaline which converts into adrenaline within a couple seconds. The noradrenaline acts locally on the target, and then is circulated systemically in the form of adrenaline.","Yes they are stored in vesicles (little bubbles in the cells), and not all of them originate in the brain. Adrenalin, as the name says, comes from the adrenal gland, which is next to (""ad"") the kidney (""ren"").  And yes you can run out, which happens with certain hormones when there's a deficiency in the production or for example during prolonged stress (severe injuries etc). They have to be supplemented then.",askscience,"When your brain releases hormones like adrenaline, endorphin, dopamine etc that have an almost instant effect, are they just conjured on the spot or created in advance and stored somewhere to just wait for the signal?",prescreened,mid_confidence,Quality,0.72,0.72,,,,
"I don't get it too. Of course the president lives there.  There is only one president, isn't it?","I'm not American, I don't get it.",MaliciousCompliance,Rude customer asked . . . and received,prescreened,mid_confidence,Relation,0.75,0.75,,,,
