utterance,context,subreddit,post_title,batch,stratum,llm_label,llm_confidence,violation_score,gold_maxim,gold_violation_type,surface_proxy_present,notes
OP commented saying its molly,Party favor in my day meant coke.....are you using coke?,AmItheAsshole,WIBTA For telling my wife to go to rehab so she doesn’t affect our babies life?,random,,,,,,,,
Where the hell you live that doesn't have stuff like that at gas stations?,"Pizza cook in a convenience store, wtf?",MaliciousCompliance,Rude customer asked . . . and received,random,,,,,,,,
"Yep. The only true way to see the actual tornado speed is via sensors, and the Doppler on Wheels, which can’t be everywhere. And at even at 50 miles out, you’re seeing the atmosphere 3600 feet up. And at 100 miles it’s almost 10k feet!","Yes we have the technology but do we have enough sensors? The Earth is round and when a radar, weather or otherwise, shoots a beam out even at the most flat elev how can it measure the wind speed at ground level of a tornado that's 100 miles away? If what I'm seeing on Google is correct, if you shoot a straight horizontal line out, 100 miles away, the ground is actually several thousand ft lower than where you are now so you can never shoot down to measure the speed at ground level.",askscience,Why are tornados rated by damaged estimates rather than raw wind data? We have the technology now why are we still estimating wind speed for ratings.,random,,,,,,,,
"This seems like the most likely scenario and one that sister is least likely to want to acknowledge as truth. She is deceiving herself and trying to pull you along for the ride as to what is going on in her own relationship. As personal as I’m sure it feels, she is just trying to hold onto the lie that is keeping her sane right now.",NTA is it one of ‘those’ places?   Not to put stories in your head but is it possible that your BIL brought you there knowing that it was? Like maybe he thinks you’d feel/be better if you ‘let off a little steam’ as they say   I have a hard time believing that a trained previously licensed massage therapist would pay for you to have a massage somewhere else when he could do that for you himself if the sole intent is just a massage,AmItheAsshole,AITA for not asking permission to report this incident?,random,,,,,,,,
"Radioactive Decay contributes far more than Fission. Radiogenic heating, creates roughly half of the Earth's total heat flux—about 20-30 terawatts (TW)—keeping the interior molten and driving tectonic activity.","More than 99.9% of the energy used on Earth ultimately comes from the Sun. As others have pointed out, you have geothermal energy, nuclear fission and tidal power as exeptions. Though the Sun does play a smaller role in that one.",askscience,Does all our energy on Earth come from the sun?,random,,,,,,,,
"Interesting. I’ve never really realized that some ions are more stable. So they have more or less electrons than they should, but they can be more stable if that means that reduces the number of unpaired electrons? It’s wierd to me that they can have a net charge, but be more stable","A hydroxide ion is the same as a hydroxyl radical, but with an extra electron. That extra electron makes it overall negatively charged, and means there are no unpaired electrons in the molecule, which makes it much more stable. Everything about the chemistry stems from that.",askscience,"What is the difference between a hydroxide ion (OH-), and a hydroxyl radical (OH.)?",random,,,,,,,,
"The other .01% comes from either the big bang, star creation, or star destruction.  The sun?  Nah.  A sun?  Yes.","More than 99.9% of the energy used on Earth ultimately comes from the Sun. As others have pointed out, you have geothermal energy, nuclear fission and tidal power as exeptions. Though the Sun does play a smaller role in that one.",askscience,Does all our energy on Earth come from the sun?,random,,,,,,,,
Your mum is my hero,"This happened about 40 years ago, but I think I'm recalling this correctly.  Dad has passed ten years earlier and Mom decides to finally get credit card put into her name.  She calls the credit card company and asks that the card be put in her name.  This is denied as she has no credit history.  She asked if they had a record of Dad's death.  They did. She then asked who they thought had been paying the account for the last ten years.  She got the card in her name.",MaliciousCompliance,Indian Man Brings Sister’s Corpse to Bank After Being Told to “Bring Account Holder”,random,,,,,,,,
source?,This article doesn't mention that he had indeed submitted the death certificate but the bank staff were just power hungry and kept telling him to get his sister. That's when the malicious compliance happened. The government and bank suspended the involved employees and launched investigations.,MaliciousCompliance,Indian Man Brings Sister’s Corpse to Bank After Being Told to “Bring Account Holder”,random,,,,,,,,
"Agree, NTA. Infant ~~births~~ deaths have been declining because of modern medicine available at HOSPITALS. Actively choosing something different is one thing, but demanding it be done in someone else's home is something else.  Edit: I'm more tired than I thought I was.","NTA. Absolutely not. Jesus, she should go to a hospital. A lot of hospitals have birthing tubs too, she should look into it.",AmItheAsshole,AITA for ruining my daughter in laws birth plan,random,,,,,,,,
...with him.,Don't go.,AmItheAsshole,AITA my boyfriend planned a Disney trip…,random,,,,,,,,
I'm guessing that they are Baptists.🤷‍♀️,"You handled it perfectly. You then can respond Matthew 6:6, ""But when you pray, go into your room, close the door and pray to your Father, who is unseen. Then your Father, who sees what is done in secret, will reward you"".  No offense but their actions sound performative.",AmItheAsshole,AITA for refusing to join my friends’ prayer circle,random,,,,,,,,
"There are a couple of books that answered this question for me - ""Russia Against Modernity"" and ""Internal Colonization"" by Alexander Etkind, as well as works by Vladislav Inozemtsev, especially his book ""Non-modern country: Russia in the 21st century world"" (not sure if the latter exists in English, but there are quite a few of his interviews).",Hi! Thanks for doing this.   Why do you think Russia thought it necessary to invade Ukraine by military force instead of using economic powers and negotiations over unresolved issues?,askscience,"AskScience AMA Series: We are political psychologists. We found that 69% of surveyed Russians actually interpreted the war as undermining their social order, while state media convinces the remaining minority that the invasion protects their traditions. Ask Us Anything!",random,,,,,,,,
"Yeah I wonder what he didn't tell OP about the move, maybe lied to his mom about OP that painted her in a bad light?","""He didn't tell either one of us the full truth about the move, and was trying to keep the heat off of him""  Wow thats a huge red flag. He has to put in some major work to repairing this loss of trust.  Is he going to throw you under the bus in the future? Is he going to tell you and others half truths so he doesn't have to deal with it? How often does he normally lie to you or those around him?  If he uses lying as a self defense mechanism, it can be unlearned if he cares enough. Good luck.",AmItheAsshole,Update- AITA for refusing to apologize to my Bfs mother for an argument I “caused”?,random,,,,,,,,
"Honestly, you’re rigght! I’m very butthurt. I’m a planner and I love to plan things so that things run smoothly and were comfortable. I like to to know things are covered and we don’t have to stress about anything in between. He’s making decisions that I would never agree with and then getting butt hurt that I’m not agreeing very frustrating.","NTA. You should consider this relationship and whether he cares about your feelings and opinions, not to mention comfort, even about what you own,cwhat is yours. He is railroading this down your throat and doesn't seem to care about it except when you fail to comply. Think about it.",AmItheAsshole,AITA my boyfriend planned a Disney trip…,random,,,,,,,,
"That's my question, I initially thought coke but who knows these days. I'd really like to know what his party favors are just for curiosity sake.",Party favor in my day meant coke.....are you using coke?,AmItheAsshole,WIBTA For telling my wife to go to rehab so she doesn’t affect our babies life?,random,,,,,,,,
"fair observation. I agree with you that I think i could've been more honest and say that I wasn't okay with this from the beginning, but at the time I didn't think it would happen as frequent. I appreciate your response.","ESH. If you were expecting them to do better, you should have said that to them the first time (or any time) this happened. Instead you told them it was no problem at all. They should be more respectful of your space, but you should be more respectful of your own boundaries too and tell them that you won’t tolerate their trash on your balcony.",AmItheAsshole,AITA for not returning what my neighbors dropped in my house?,random,,,,,,,,
"Too late, this is an actual problem and the reason I go to therapy now and have to move out 😂 I’m just really bad at understanding sometimes that I’m not her caretaker and not her mother. We have co dependent relationship. That’s why I need sometimes input from outside to tell me what is actually happening","OK I think we can see why she does not have a job. You are at risk of becoming an enabler here. Take a step back, read what you have said as if you were a stranger and think about what advice you give. Remember you are not an alarm clock, she has a phone",AmItheAsshole,AITA because I didn’t wake my friend up when she had an important meeting?,random,,,,,,,,
"&gt;he had indeed submitted the death certificate  You sure? Because the story I heard was that the bank officials never listened to him, never communicated the requirements to him clearly and just dismissed him every time by asking to bring the person who the account belonged to.",This article doesn't mention that he had indeed submitted the death certificate but the bank staff were just power hungry and kept telling him to get his sister. That's when the malicious compliance happened. The government and bank suspended the involved employees and launched investigations.,MaliciousCompliance,Indian Man Brings Sister’s Corpse to Bank After Being Told to “Bring Account Holder”,random,,,,,,,,
How would you even define and measure this?,"Just to point out that insects with very short lives have far higher temporal resolution than we do, so the world around them goes in slow motion. The tradeoff for this is that it's metabolically expensive, hence the short life, but from the frame of reference of the insect, they lived a long time. We tend to think that our perception of time is the norm, but every species experiences the world at different rates.",askscience,Do short-lived insects gain experience?,random,,,,,,,,
Because he never plans on giving up his coke habit so she is using that as an excuse.,NTA but So you waited all the way until a baby was here to finally address your partner's alcoholism?,AmItheAsshole,WIBTA For telling my wife to go to rehab so she doesn’t affect our babies life?,random,,,,,,,,
"yes! there is def something going. when behaviors and grades change, it’s a red flag.",Taking his beloved pet away will only make this worse. He probably needs therapy. There is something going on that’s upsetting him. Children don’t just misbehave to be bad. Don’t break his heart on top of whatever it is. Some people think children should just conform and behave. It unfortunately just doesn’t work this way. He needs some support. His hedgehog is his only support right now.,AmItheAsshole,AITA for threatening to take a pet back to the breeder?,random,,,,,,,,
"NTA - on top of what you said, who doesn’t tell the person they’re staying with temporarily (during the birth) that the plan was for a home birth?? They made the nursery and didn’t bother to share that fact until now?","NTA, it is your property and home.  Also, it would be good for your DIL to note that her birth plan was not ruined by you, rather by whomever failed to maintain the fire hydrant and forced them out of their home.",AmItheAsshole,AITA for ruining my daughter in laws birth plan,random,,,,,,,,
My dog barks at other dogs on walks. I always cross the street or at least move as far to the side as I can if crossing is not an option. And then I tell him to look at how calm the other dog is and learn something 😆,"NTA - you said it was her dog that started growling. She should have moved if her dog gets ""annoyed"" when other dogs get near.",AmItheAsshole,AITA for not crossing to the other side of the street with my dog?,random,,,,,,,,
Right??  All of this should be addressed before having a child.   Why did either of them think it was okay to bring a child in to home where one parent drinks too much?   And then OP thought it would magically change after they had a baby? Without ever discussing it?,YTA for not using protection until this was addressed. Like why are you having a child with someone that you claim has a substance abuse problem?,AmItheAsshole,WIBTA For telling my wife to go to rehab so she doesn’t affect our babies life?,random,,,,,,,,
"This is called ""parentification"" and is literally considered child abuse. Get out and live your life and let your mom deal with the consequences of her bad choices. NTA",Your mom has been using you as a second parent for a long time. I’m sorry. That wasn’t fair to you. Your mom is pregnant now. She’s 42. She needs to be an adult.   NTA.,AmItheAsshole,AITA for refusing to help my mom after she got pregnant.,random,,,,,,,,
He might have been high on coke,YTA for not using protection until this was addressed. Like why are you having a child with someone that you claim has a substance abuse problem?,AmItheAsshole,WIBTA For telling my wife to go to rehab so she doesn’t affect our babies life?,random,,,,,,,,
"She says she named him as an outcry witness. As in, she came out of the room and told him what happened immediately. That does make him a witness.","You should not have named him as a witness without asking him.  He also was not a witness since he wasn't in the room.  So, for that part, YTA.  You are NTA for reporting behavior that made you uncomfortable.",AmItheAsshole,AITA for not asking permission to report this incident?,random,,,,,,,,
"In Midwest, based in Ames, it’s Casey’s General Store that OP worked at.  Really good breakfast pizza and taco pizza.  Their other pizza is good, better than Dominos but not as good as Papa John’s.  Quality also varies from store to store.  There is a meme that is a picture of the first setltlment on Mars if settled by midwesterners and it’s a picture of a Casey’s across from a Dollar General.","Pizza cook in a convenience store, wtf?",MaliciousCompliance,Rude customer asked . . . and received,random,,,,,,,,
What happens if they're not supplemented?,"Yes they are stored in vesicles (little bubbles in the cells), and not all of them originate in the brain. Adrenalin, as the name says, comes from the adrenal gland, which is next to (""ad"") the kidney (""ren"").  And yes you can run out, which happens with certain hormones when there's a deficiency in the production or for example during prolonged stress (severe injuries etc). They have to be supplemented then.",askscience,"When your brain releases hormones like adrenaline, endorphin, dopamine etc that have an almost instant effect, are they just conjured on the spot or created in advance and stored somewhere to just wait for the signal?",random,,,,,,,,
[Triangle Shirtwaist] (https://en.wikipedia.org/wiki/Triangle_Shirtwaist_Factory_fire),"As a firefighter, I’m 100% good with checking every day that nobody has blocked or locked the emergency exits. A lot of the really major mass casualty fires have that one failure in common.",MaliciousCompliance,"Manager said to follow the checklist exactly, so I did. Every single line.",random,,,,,,,,
This is the answer,[You have GOT to be kidding me - you posted this TWO YEARS ago and are still harping on it?](https://www.reddit.com/r/AmItheAsshole/comments/1959agr/aita_for_not_moving_out_of_my_room_early_for_the/),AmItheAsshole,AITA for refusing to leave my room early for the new roommate?,random,,,,,,,,
"I wonder if there’s any meaningful way to infer wind speed from data they can actually see. It wouldn’t be dead accurate, but maybe close enough?","Yes we have the technology but do we have enough sensors? The Earth is round and when a radar, weather or otherwise, shoots a beam out even at the most flat elev how can it measure the wind speed at ground level of a tornado that's 100 miles away? If what I'm seeing on Google is correct, if you shoot a straight horizontal line out, 100 miles away, the ground is actually several thousand ft lower than where you are now so you can never shoot down to measure the speed at ground level.",askscience,Why are tornados rated by damaged estimates rather than raw wind data? We have the technology now why are we still estimating wind speed for ratings.,random,,,,,,,,
"And even then, the fissionable material is only there for us to harvest because of a previous star that went supernova, producing the higher elements that we now get energy and materials from.","More than 99.9% of the energy used on Earth ultimately comes from the Sun. As others have pointed out, you have geothermal energy, nuclear fission and tidal power as exeptions. Though the Sun does play a smaller role in that one.",askscience,Does all our energy on Earth come from the sun?,random,,,,,,,,
"Man, I used to work at a drugstore that the emergency exit in the stockroom was blocked by cardboard, brooms, and random junk 90% of the time. I'd take time to clear it and it'd be blocked again a few days later. It was an exercise in frustration, dunno how it ever passed the fire inspections.","As a firefighter, I’m 100% good with checking every day that nobody has blocked or locked the emergency exits. A lot of the really major mass casualty fires have that one failure in common.",MaliciousCompliance,"Manager said to follow the checklist exactly, so I did. Every single line.",random,,,,,,,,
Technology and radars have gotten pretty good. My state gets wrecked by tornadoes and so we’ve got some of the best Doppler radars on the planet. Tornadoes are typically tracked in real time and they can usually predict the path with a good 1 hour to 20 minute warning. It’s not perfect but since I was a kid it’s gotten so much better. Our meteorologist can typically tell you which neighborhoods are about to be hit. Not just the town or general area,"even with all the radars we have across the country currently, we still don't always know for sure if there was a tornado or not, and sometimes have to rely on damage to figure out if one actually touched down in the first place.",askscience,Why are tornados rated by damaged estimates rather than raw wind data? We have the technology now why are we still estimating wind speed for ratings.,random,,,,,,,,
"*Living outside* before the advent of sunscreen is how humans got vitamin D traditionally. In northern climate, this was indeed supplemented by moderate amounts through diet in the winter. Fair skin is an evolutionary adaptation to decrease melanin content so that the body is substantially more sensitive to creating vitamin D from the sun.","Eating it is how humans survived dark winters in the north. The fair skin helped, but in northern winter you still get into a deficit very easily and most adults in germany have a deficit in winter. Taking a supplement isnt really different from surviving on vitamin D rich foods. Skin damage or even cancer from sun damage is the worse thing in my opinion, I rather take a supplement and check in with the doctor (bloodwork once a year) than risk sun damage or an unhealthy deficit.",askscience,Do we get enough vitamin D wearing sunscreen?,random,,,,,,,,
Sounds convenient,"Pizza cook in a convenience store, wtf?",MaliciousCompliance,Rude customer asked . . . and received,random,,,,,,,,
"People should stop conflating the technical ability to do something with the funding, need, practicality, and political will to do it.","Yes we have the technology but do we have enough sensors? The Earth is round and when a radar, weather or otherwise, shoots a beam out even at the most flat elev how can it measure the wind speed at ground level of a tornado that's 100 miles away? If what I'm seeing on Google is correct, if you shoot a straight horizontal line out, 100 miles away, the ground is actually several thousand ft lower than where you are now so you can never shoot down to measure the speed at ground level.",askscience,Why are tornados rated by damaged estimates rather than raw wind data? We have the technology now why are we still estimating wind speed for ratings.,random,,,,,,,,
"&gt; The youngest remnant we're aware of is about 140 years old and about 28,000 light years away.  I was just editing in a thing about this one as you were writing this apparently. Found out I missed it in my earlier search a few minutes ago.   But even adding in the 1860s supernova in the core, we're still missing a lot of supernovae, aren't we?","The supernova to which you refer was the last recorded observed by the human eye.  Most of the stars you see in the night sky are relatively close to our system.  The youngest remnant we're aware of is about 140 years old and about 28,000 light years away.  Bear in mind that we can't see all the Milky Way galaxy.  An awful lot of it is obscured to us, by dust.",askscience,"Does the Milky Way and the Local Group have fewer supernovae than normal, and if so why?",random,,,,,,,,
